;FLAVOR:Marlin
;TIME:1955
;Filament used: 0.428964m
;Layer height: 0.2
;MINX:11.2
;MINY:11.2
;MINZ:0.2
;MAXX:208.8
;MAXY:208.8
;MAXZ:0.2
;Generated with Cura_SteamEngine 4.11.0
M140 S40
M105
M190 S40
M104 S230
M105
M109 S230
M82 ;absolute extrusion mode
M201 X500.00 Y500.00 Z100.00 E5000.00 ;Setup machine max acceleration
M203 X500.00 Y500.00 Z10.00 E50.00 ;Setup machine max feedrate
M204 P500.00 R1000.00 T500.00 ;Setup Print/Retract/Travel acceleration
M205 X8.00 Y8.00 Z0.40 E5.00 ;Setup Jerk
M220 S100 ;Reset Feedrate
M221 S100 ;Reset Flowrate

G28 ;Home
G29 ;Auto Bed Level

G92 E0 ;Reset Extruder
G1 Z2.0 F3000 ;Move Z Axis up
G1 X10.1 Y20 Z0.28 F5000.0 ;Move to start position
G1 X10.1 Y200.0 Z0.28 F1500.0 E15 ;Draw the first line
G1 X10.4 Y200.0 Z0.28 F5000.0 ;Move to side a little
G1 X10.4 Y20 Z0.28 F1500.0 E30 ;Draw the second line
G92 E0 ;Reset Extruder
G1 Z2.0 F3000 ;Move Z Axis up
G92 E0
G92 E0
G1 F360 E-1
;LAYER_COUNT:1
;LAYER:0
M107
G0 F6000 X14.426 Y14.913 Z0.2
;TYPE:SKIRT
G1 F360 E0
G1 X15.121 Y14.234 E0.03878
G1 X15.869 Y13.615 E0.07753
G1 X16.666 Y13.059 E0.11632
G1 X17.506 Y12.571 E0.15509
G1 X18.383 Y12.154 E0.19385
G1 X19.291 Y11.81 E0.2326
G1 X20.225 Y11.542 E0.27138
G1 X21.178 Y11.352 E0.31017
G1 X22.143 Y11.241 E0.34894
G1 X22.678 Y11.214 E0.37032
G1 X22.998 Y11.205 E0.3831
G1 X23.33 Y11.2 E0.39635
G1 X46.46 Y11.2 E1.31952
G1 X47.331 Y11.211 E1.35428
G1 X48.301 Y11.265 E1.39306
G1 X49.263 Y11.398 E1.43182
G1 X50.211 Y11.61 E1.47059
G1 X51.138 Y11.9 E1.50936
G1 X52.039 Y12.264 E1.54814
G1 X52.906 Y12.702 E1.58691
G1 X53.734 Y13.209 E1.62566
G1 X54.438 Y13.719 E1.66036
G1 X55.731 Y14.733 E1.72594
G1 X57.735 Y16.251 E1.82628
G1 X59.783 Y17.714 E1.92673
G1 X61.822 Y19.085 E2.0248
G1 X63.944 Y20.426 E2.12499
G1 X66.093 Y21.7 E2.2247
G1 X68.26 Y22.905 E2.32366
G1 X70.479 Y24.057 E2.42345
G1 X72.749 Y25.155 E2.52409
G1 X74.987 Y26.16 E2.62201
G1 X77.314 Y27.127 E2.72258
G1 X79.674 Y28.033 E2.82348
G1 X81.963 Y28.833 E2.92026
G1 X84.382 Y29.605 E3.0216
G1 X86.759 Y30.292 E3.12036
G1 X89.198 Y30.921 E3.22089
G1 X91.594 Y31.468 E3.31898
G1 X94.089 Y31.964 E3.42051
G1 X96.498 Y32.37 E3.51801
G1 X98.988 Y32.72 E3.61837
G1 X101.468 Y32.996 E3.71796
G1 X103.985 Y33.205 E3.81877
G1 X106.424 Y33.338 E3.91626
G1 X108.944 Y33.405 E4.01687
G1 X111.417 Y33.399 E4.11558
G1 X113.939 Y33.323 E4.21628
G1 X116.432 Y33.177 E4.31595
G1 X118.884 Y32.963 E4.41419
G1 X121.385 Y32.674 E4.51467
G1 X123.85 Y32.318 E4.61408
G1 X126.299 Y31.893 E4.71328
G1 X128.752 Y31.397 E4.81317
G1 X131.172 Y30.834 E4.91234
G1 X133.584 Y30.201 E5.01186
G1 X135.99 Y29.497 E5.11192
G1 X138.372 Y28.725 E5.21186
G1 X140.701 Y27.897 E5.31051
G1 X143.015 Y27 E5.40957
G1 X145.344 Y26.022 E5.51038
G1 X147.613 Y24.992 E5.60984
G1 X149.84 Y23.904 E5.70876
G1 X152.063 Y22.738 E5.80895
G1 X154.242 Y21.516 E5.90866
G1 X156.374 Y20.239 E6.00785
G1 X158.487 Y18.892 E6.10787
G1 X160.525 Y17.51 E6.20615
G1 X162.54 Y16.058 E6.30527
G1 X165.615 Y13.678 E6.46047
G1 X166.407 Y13.116 E6.49923
G1 X167.243 Y12.62 E6.53803
G1 X168.116 Y12.195 E6.57678
G1 X169.022 Y11.844 E6.61556
G1 X169.953 Y11.568 E6.65432
G1 X170.904 Y11.369 E6.69309
G1 X171.868 Y11.25 E6.73186
G1 X172.475 Y11.216 E6.75613
G1 X172.801 Y11.206 E6.76914
G1 X173.163 Y11.2 E6.78359
G1 X196.445 Y11.201 E7.71283
G1 X197.143 Y11.21 E7.74069
G1 X198.113 Y11.262 E7.77946
G1 X199.075 Y11.395 E7.81822
G1 X200.024 Y11.605 E7.85701
G1 X200.951 Y11.893 E7.89576
G1 X201.852 Y12.257 E7.93454
G1 X202.72 Y12.693 E7.97331
G1 X203.549 Y13.199 E8.01207
G1 X204.334 Y13.772 E8.05086
G1 X205.069 Y14.407 E8.08963
G1 X205.749 Y15.101 E8.12841
G1 X206.37 Y15.848 E8.16718
G1 X206.927 Y16.644 E8.20596
G1 X207.417 Y17.482 E8.2447
G1 X207.836 Y18.359 E8.28349
G1 X208.182 Y19.266 E8.32224
G1 X208.452 Y20.2 E8.36104
G1 X208.644 Y21.152 E8.39981
G1 X208.757 Y22.117 E8.43858
G1 X208.786 Y22.678 E8.461
G1 X208.795 Y22.999 E8.47382
G1 X208.8 Y23.33 E8.48703
G1 X208.799 Y46.604 E9.41595
G1 X208.789 Y47.326 E9.44477
G1 X208.735 Y48.296 E9.48354
G1 X208.602 Y49.259 E9.52234
G1 X208.391 Y50.207 E9.56111
G1 X208.102 Y51.134 E9.59986
G1 X207.737 Y52.035 E9.63866
G1 X207.3 Y52.902 E9.67741
G1 X206.793 Y53.731 E9.7162
G1 X206.281 Y54.438 E9.75104
G1 X205.267 Y55.731 E9.81662
G1 X203.749 Y57.735 E9.91696
G1 X202.297 Y59.768 E10.01667
G1 X200.909 Y61.831 E10.11591
G1 X199.569 Y63.953 E10.21608
G1 X198.3 Y66.093 E10.31538
G1 X197.095 Y68.26 E10.41434
G1 X195.943 Y70.479 E10.51413
G1 X194.845 Y72.749 E10.61477
G1 X193.84 Y74.987 E10.71269
G1 X192.873 Y77.314 E10.81326
G1 X191.967 Y79.674 E10.91416
G1 X191.167 Y81.963 E11.01094
G1 X190.395 Y84.382 E11.11228
G1 X189.708 Y86.759 E11.21104
G1 X189.079 Y89.198 E11.31157
G1 X188.532 Y91.594 E11.40966
G1 X188.036 Y94.089 E11.51119
G1 X187.63 Y96.498 E11.60869
G1 X187.28 Y98.988 E11.70905
G1 X187.004 Y101.468 E11.80864
G1 X186.795 Y103.985 E11.90945
G1 X186.662 Y106.424 E12.00694
G1 X186.595 Y108.944 E12.10755
G1 X186.601 Y111.417 E12.20625
G1 X186.677 Y113.94 E12.307
G1 X186.823 Y116.432 E12.40663
G1 X187.037 Y118.884 E12.50487
G1 X187.326 Y121.385 E12.60535
G1 X187.682 Y123.85 E12.70476
G1 X188.107 Y126.299 E12.80396
G1 X188.603 Y128.752 E12.90385
G1 X189.166 Y131.172 E13.00301
G1 X189.799 Y133.584 E13.10254
G1 X190.503 Y135.99 E13.2026
G1 X191.275 Y138.372 E13.30254
G1 X192.103 Y140.701 E13.40119
G1 X193 Y143.015 E13.50025
G1 X193.978 Y145.344 E13.60106
G1 X195.008 Y147.613 E13.70052
G1 X196.103 Y149.855 E13.8001
G1 X197.259 Y152.059 E13.89944
G1 X198.477 Y154.23 E13.99879
G1 X199.761 Y156.374 E14.09853
G1 X201.103 Y158.479 E14.19817
G1 X202.499 Y160.538 E14.29746
G1 X203.938 Y162.534 E14.39567
G1 X206.322 Y165.615 E14.55115
G1 X206.884 Y166.407 E14.58991
G1 X207.38 Y167.243 E14.62871
G1 X207.805 Y168.116 E14.66746
G1 X208.156 Y169.022 E14.70624
G1 X208.432 Y169.953 E14.745
G1 X208.631 Y170.904 E14.78377
G1 X208.75 Y171.868 E14.82254
G1 X208.784 Y172.475 E14.84681
G1 X208.794 Y172.801 E14.85982
G1 X208.8 Y173.163 E14.87427
G1 X208.799 Y196.41 E15.80211
G1 X208.79 Y197.137 E15.83113
G1 X208.738 Y198.107 E15.8699
G1 X208.606 Y199.07 E15.9087
G1 X208.396 Y200.018 E15.94745
G1 X208.109 Y200.946 E15.98622
G1 X207.746 Y201.847 E16.02499
G1 X207.31 Y202.715 E16.06376
G1 X206.804 Y203.544 E16.10252
G1 X206.232 Y204.329 E16.14129
G1 X205.597 Y205.064 E16.18005
G1 X204.904 Y205.745 E16.21883
G1 X204.157 Y206.366 E16.2576
G1 X203.361 Y206.924 E16.2964
G1 X202.523 Y207.414 E16.33515
G1 X201.647 Y207.834 E16.37392
G1 X200.739 Y208.18 E16.4127
G1 X199.806 Y208.45 E16.45147
G1 X198.854 Y208.643 E16.49024
G1 X197.889 Y208.757 E16.52902
G1 X197.322 Y208.786 E16.55168
G1 X197.001 Y208.795 E16.5645
G1 X196.67 Y208.8 E16.57771
G1 X173.372 Y208.799 E17.50759
G1 X172.669 Y208.789 E17.53565
G1 X171.699 Y208.735 E17.57442
G1 X170.737 Y208.602 E17.61318
G1 X169.789 Y208.39 E17.65195
G1 X168.862 Y208.1 E17.69072
G1 X167.961 Y207.736 E17.7295
G1 X167.094 Y207.298 E17.76827
G1 X166.266 Y206.791 E17.80702
G1 X165.562 Y206.281 E17.84172
G1 X164.269 Y205.267 E17.9073
G1 X162.265 Y203.749 E18.00764
G1 X160.217 Y202.286 E18.1081
G1 X158.178 Y200.915 E18.20616
G1 X156.056 Y199.574 E18.30635
G1 X153.907 Y198.3 E18.40606
G1 X151.74 Y197.095 E18.50503
G1 X149.521 Y195.943 E18.60481
G1 X147.251 Y194.845 E18.70546
G1 X145.013 Y193.84 E18.80337
G1 X142.686 Y192.873 E18.90395
G1 X140.326 Y191.967 E19.00484
G1 X138.037 Y191.167 E19.10162
G1 X135.618 Y190.395 E19.20297
G1 X133.241 Y189.708 E19.30172
G1 X130.802 Y189.079 E19.40225
G1 X128.406 Y188.532 E19.50034
G1 X125.911 Y188.036 E19.60187
G1 X123.502 Y187.63 E19.69938
G1 X121.012 Y187.28 E19.79973
G1 X118.532 Y187.004 E19.89933
G1 X116.015 Y186.795 E20.00013
G1 X113.576 Y186.662 E20.09762
G1 X111.056 Y186.595 E20.19824
G1 X108.583 Y186.601 E20.29694
G1 X106.061 Y186.677 E20.39764
G1 X103.568 Y186.823 E20.49732
G1 X101.116 Y187.037 E20.59555
G1 X98.615 Y187.326 E20.69604
G1 X96.15 Y187.682 E20.79544
G1 X93.701 Y188.107 E20.89465
G1 X91.248 Y188.603 E20.99453
G1 X88.828 Y189.166 E21.0937
G1 X86.416 Y189.799 E21.19323
G1 X84.01 Y190.503 E21.29328
G1 X81.628 Y191.275 E21.39322
G1 X79.299 Y192.103 E21.49188
G1 X76.985 Y193 E21.59093
G1 X74.656 Y193.978 E21.69175
G1 X72.387 Y195.008 E21.7912
G1 X70.16 Y196.096 E21.89013
G1 X67.937 Y197.262 E21.99032
G1 X65.758 Y198.484 E22.09003
G1 X63.626 Y199.761 E22.18922
G1 X61.513 Y201.108 E22.28923
G1 X59.475 Y202.49 E22.38751
G1 X57.46 Y203.942 E22.48664
G1 X54.385 Y206.322 E22.64183
G1 X53.593 Y206.884 E22.68059
G1 X52.757 Y207.38 E22.71939
G1 X51.884 Y207.805 E22.75814
G1 X50.978 Y208.156 E22.79692
G1 X50.047 Y208.432 E22.83568
G1 X49.096 Y208.631 E22.87446
G1 X48.132 Y208.75 E22.91323
G1 X47.525 Y208.784 E22.93749
G1 X47.199 Y208.794 E22.95051
G1 X46.837 Y208.8 E22.96496
G1 X23.555 Y208.799 E23.89419
G1 X22.857 Y208.79 E23.92205
G1 X21.887 Y208.738 E23.96082
G1 X20.925 Y208.605 E23.99959
G1 X19.976 Y208.395 E24.03838
G1 X19.049 Y208.107 E24.07712
G1 X18.148 Y207.743 E24.11591
G1 X17.28 Y207.307 E24.15467
G1 X16.451 Y206.801 E24.19344
G1 X15.666 Y206.228 E24.23223
G1 X14.931 Y205.593 E24.271
G1 X14.251 Y204.899 E24.30977
G1 X13.63 Y204.152 E24.34855
G1 X13.073 Y203.356 E24.38732
G1 X12.583 Y202.518 E24.42607
G1 X12.164 Y201.641 E24.46486
G1 X11.818 Y200.734 E24.5036
G1 X11.548 Y199.8 E24.54241
G1 X11.356 Y198.848 E24.58117
G1 X11.243 Y197.883 E24.61995
G1 X11.213 Y197.31 E24.64285
G1 X11.204 Y196.977 E24.65614
G1 X11.2 Y196.658 E24.66888
G1 X11.201 Y173.372 E25.59827
G1 X11.211 Y172.669 E25.62633
G1 X11.265 Y171.699 E25.66511
G1 X11.398 Y170.737 E25.70387
G1 X11.61 Y169.789 E25.74264
G1 X11.9 Y168.862 E25.78141
G1 X12.264 Y167.961 E25.82019
G1 X12.702 Y167.094 E25.85896
G1 X13.209 Y166.266 E25.89771
G1 X13.719 Y165.562 E25.93241
G1 X14.733 Y164.269 E25.99799
G1 X16.251 Y162.265 E26.09833
G1 X17.703 Y160.232 E26.19804
G1 X19.091 Y158.169 E26.29728
G1 X20.431 Y156.047 E26.39745
G1 X21.7 Y153.907 E26.49675
G1 X22.905 Y151.74 E26.59571
G1 X24.057 Y149.521 E26.6955
G1 X25.155 Y147.251 E26.79614
G1 X26.16 Y145.013 E26.89406
G1 X27.127 Y142.686 E26.99463
G1 X28.033 Y140.326 E27.09553
G1 X28.833 Y138.037 E27.19231
G1 X29.605 Y135.618 E27.29365
G1 X30.292 Y133.241 E27.39241
G1 X30.921 Y130.802 E27.49294
G1 X31.468 Y128.406 E27.59103
G1 X31.964 Y125.911 E27.69256
G1 X32.37 Y123.502 E27.79006
G1 X32.72 Y121.012 E27.89042
G1 X32.996 Y118.532 E27.99001
G1 X33.205 Y116.015 E28.09082
G1 X33.338 Y113.576 E28.18831
G1 X33.405 Y111.056 E28.28892
G1 X33.399 Y108.583 E28.38763
G1 X33.323 Y106.06 E28.48837
G1 X33.177 Y103.568 E28.588
G1 X32.963 Y101.115 E28.68628
G1 X32.673 Y98.61 E28.78693
G1 X32.319 Y96.16 E28.88573
G1 X31.891 Y93.695 E28.98558
G1 X31.397 Y91.248 E29.08522
G1 X30.831 Y88.819 E29.18476
G1 X30.196 Y86.394 E29.28481
G1 X29.498 Y84.012 E29.38388
G1 X28.736 Y81.659 E29.48259
G1 X27.893 Y79.289 E29.58299
G1 X27 Y76.985 E29.68161
G1 X26.029 Y74.671 E29.78177
G1 X24.984 Y72.37 E29.88264
G1 X23.905 Y70.162 E29.98072
G1 X22.738 Y67.937 E30.081
G1 X21.516 Y65.758 E30.18071
G1 X20.239 Y63.626 E30.2799
G1 X18.892 Y61.513 E30.37992
G1 X17.51 Y59.475 E30.47819
G1 X16.058 Y57.46 E30.57732
G1 X13.677 Y54.384 E30.73258
G1 X13.115 Y53.592 E30.77134
G1 X12.62 Y52.757 E30.81008
G1 X12.195 Y51.883 E30.84887
G1 X11.843 Y50.978 E30.88762
G1 X11.567 Y50.046 E30.92642
G1 X11.368 Y49.095 E30.9652
G1 X11.249 Y48.131 E31.00396
G1 X11.214 Y47.489 E31.02963
G1 X11.205 Y47.164 E31.0426
G1 X11.2 Y46.837 E31.05565
G1 X11.201 Y23.497 E31.9872
G1 X11.211 Y22.832 E32.01375
G1 X11.266 Y21.862 E32.05253
G1 X11.4 Y20.9 E32.09129
G1 X11.613 Y19.952 E32.13007
G1 X11.903 Y19.025 E32.16884
G1 X12.268 Y18.125 E32.2076
G1 X12.706 Y17.258 E32.24637
G1 X13.214 Y16.43 E32.28514
G1 X13.789 Y15.646 E32.32395
G1 X14.426 Y14.913 E32.36271
G0 F6000 X14.818 Y15.081
G1 F360 X15.51 Y14.423 E32.40082
G1 X16.255 Y13.826 E32.43892
G1 X17.047 Y13.293 E32.47702
G1 X17.881 Y12.828 E32.51514
G1 X18.751 Y12.434 E32.55325
G1 X19.651 Y12.115 E32.59136
G1 X20.574 Y11.872 E32.62946
G1 X21.515 Y11.708 E32.66758
G1 X22.69 Y11.614 E32.71463
G1 X23.01 Y11.605 E32.72741
G1 X23.33 Y11.6 E32.74018
G1 X46.46 Y11.6 E33.66335
G1 X47.325 Y11.611 E33.69787
G1 X48.278 Y11.665 E33.73597
G1 X49.224 Y11.798 E33.7741
G1 X50.155 Y12.01 E33.81221
G1 X51.065 Y12.299 E33.85032
G1 X51.948 Y12.663 E33.88844
G1 X52.797 Y13.099 E33.92653
G1 X53.606 Y13.605 E33.96461
G1 X54.191 Y14.034 E33.99357
G1 X55.48 Y15.045 E34.05895
G1 X57.507 Y16.58 E34.16043
G1 X59.533 Y18.028 E34.25982
G1 X61.607 Y19.422 E34.35956
G1 X63.732 Y20.765 E34.45989
G1 X65.901 Y22.051 E34.56054
G1 X68.075 Y23.26 E34.65982
G1 X70.314 Y24.422 E34.7605
G1 X72.532 Y25.496 E34.85886
G1 X74.849 Y26.536 E34.96022
G1 X77.153 Y27.494 E35.05981
G1 X79.545 Y28.411 E35.16206
G1 X81.868 Y29.224 E35.26029
G1 X84.232 Y29.978 E35.35932
G1 X86.686 Y30.687 E35.46127
G1 X89.081 Y31.304 E35.55998
G1 X91.54 Y31.865 E35.66065
G1 X94.004 Y32.356 E35.76093
G1 X96.453 Y32.769 E35.86005
G1 X98.92 Y33.115 E35.95948
G1 X101.427 Y33.394 E36.06016
G1 X103.931 Y33.602 E36.16044
G1 X106.427 Y33.738 E36.26021
G1 X108.934 Y33.805 E36.36031
G1 X111.429 Y33.799 E36.45989
G1 X113.94 Y33.723 E36.56015
G1 X116.454 Y33.576 E36.66066
G1 X118.928 Y33.36 E36.75978
G1 X121.451 Y33.068 E36.86115
G1 X123.904 Y32.714 E36.96007
G1 X126.375 Y32.285 E37.06017
G1 X128.824 Y31.791 E37.15988
G1 X131.284 Y31.218 E37.26069
G1 X133.692 Y30.586 E37.36006
G1 X136.13 Y29.873 E37.46144
G1 X138.482 Y29.11 E37.56013
G1 X140.843 Y28.271 E37.66013
G1 X143.154 Y27.376 E37.75905
G1 X145.498 Y26.391 E37.86053
G1 X147.775 Y25.357 E37.96034
G1 X150.049 Y24.246 E38.06135
G1 X152.252 Y23.091 E38.16063
G1 X154.422 Y21.874 E38.25993
G1 X156.588 Y20.577 E38.36069
G1 X158.704 Y19.227 E38.46087
G1 X160.777 Y17.822 E38.56082
G1 X162.765 Y16.389 E38.65863
G1 X165.86 Y13.994 E38.81483
G1 X166.639 Y13.442 E38.85293
G1 X167.461 Y12.957 E38.89102
G1 X168.321 Y12.542 E38.92914
G1 X169.213 Y12.201 E38.96725
G1 X170.13 Y11.936 E39.00535
G1 X171.066 Y11.748 E39.04345
G1 X172.487 Y11.615 E39.10041
G1 X172.813 Y11.605 E39.11343
G1 X173.163 Y11.6 E39.1274
G1 X196.44 Y11.601 E40.05644
G1 X197.138 Y11.61 E40.0843
G1 X198.091 Y11.662 E40.12239
G1 X199.037 Y11.794 E40.16051
G1 X199.968 Y12.005 E40.19862
G1 X200.879 Y12.292 E40.23674
G1 X201.762 Y12.655 E40.27484
G1 X202.611 Y13.091 E40.31293
G1 X203.422 Y13.596 E40.35107
G1 X204.187 Y14.167 E40.38917
G1 X204.901 Y14.8 E40.42725
G1 X205.561 Y15.491 E40.46539
G1 X206.16 Y16.234 E40.50348
G1 X206.694 Y17.025 E40.54157
G1 X207.161 Y17.858 E40.57969
G1 X207.556 Y18.727 E40.61778
G1 X207.878 Y19.626 E40.6559
G1 X208.122 Y20.549 E40.694
G1 X208.289 Y21.489 E40.73211
G1 X208.387 Y22.689 E40.78016
G1 X208.396 Y23.01 E40.79298
G1 X208.4 Y23.33 E40.80575
G1 X208.399 Y46.599 E41.73447
G1 X208.389 Y47.321 E41.76329
G1 X208.336 Y48.274 E41.80138
G1 X208.203 Y49.22 E41.83951
G1 X207.992 Y50.151 E41.87761
G1 X207.703 Y51.061 E41.91572
G1 X207.339 Y51.944 E41.95384
G1 X206.903 Y52.793 E41.99193
G1 X206.397 Y53.603 E42.03005
G1 X205.966 Y54.191 E42.05915
G1 X204.955 Y55.48 E42.12453
G1 X203.42 Y57.507 E42.22601
G1 X201.983 Y59.518 E42.32466
G1 X200.572 Y61.615 E42.42554
G1 X199.23 Y63.74 E42.52585
G1 X197.949 Y65.901 E42.62611
G1 X196.74 Y68.075 E42.7254
G1 X195.578 Y70.314 E42.82608
G1 X194.504 Y72.532 E42.92444
G1 X193.464 Y74.849 E43.0258
G1 X192.506 Y77.153 E43.12539
G1 X191.589 Y79.545 E43.22764
G1 X190.776 Y81.868 E43.32587
G1 X190.022 Y84.232 E43.4249
G1 X189.313 Y86.686 E43.52685
G1 X188.696 Y89.081 E43.62556
G1 X188.135 Y91.54 E43.72623
G1 X187.644 Y94.004 E43.82651
G1 X187.231 Y96.453 E43.92563
G1 X186.885 Y98.92 E44.02506
G1 X186.606 Y101.427 E44.12574
G1 X186.398 Y103.931 E44.22602
G1 X186.262 Y106.427 E44.32579
G1 X186.195 Y108.934 E44.42588
G1 X186.201 Y111.43 E44.5255
G1 X186.277 Y113.941 E44.62577
G1 X186.424 Y116.454 E44.72624
G1 X186.64 Y118.928 E44.82536
G1 X186.932 Y121.451 E44.92673
G1 X187.286 Y123.904 E45.02565
G1 X187.715 Y126.375 E45.12575
G1 X188.209 Y128.824 E45.22546
G1 X188.782 Y131.284 E45.32627
G1 X189.414 Y133.692 E45.42564
G1 X190.127 Y136.13 E45.52702
G1 X190.89 Y138.482 E45.62571
G1 X191.729 Y140.843 E45.72571
G1 X192.624 Y143.154 E45.82463
G1 X193.609 Y145.498 E45.9261
G1 X194.643 Y147.775 E46.02592
G1 X195.755 Y150.051 E46.12702
G1 X196.906 Y152.247 E46.22597
G1 X198.128 Y154.425 E46.32565
G1 X199.423 Y156.588 E46.42627
G1 X200.768 Y158.697 E46.52611
G1 X202.171 Y160.767 E46.62591
G1 X203.621 Y162.778 E46.72486
G1 X206.006 Y165.86 E46.8804
G1 X206.558 Y166.639 E46.91851
G1 X207.043 Y167.461 E46.9566
G1 X207.458 Y168.321 E46.99471
G1 X207.799 Y169.213 E47.03283
G1 X208.064 Y170.13 E47.07093
G1 X208.252 Y171.066 E47.10903
G1 X208.385 Y172.487 E47.16599
G1 X208.395 Y172.813 E47.17901
G1 X208.4 Y173.163 E47.19298
G1 X208.399 Y196.405 E48.12062
G1 X208.39 Y197.132 E48.14964
G1 X208.338 Y198.085 E48.18773
G1 X208.207 Y199.031 E48.22585
G1 X207.997 Y199.963 E48.26398
G1 X207.71 Y200.873 E48.30206
G1 X207.347 Y201.756 E48.34017
G1 X206.912 Y202.606 E48.37828
G1 X206.407 Y203.417 E48.41641
G1 X205.837 Y204.182 E48.45448
G1 X205.204 Y204.897 E48.4926
G1 X204.514 Y205.557 E48.53071
G1 X203.77 Y206.156 E48.56883
G1 X202.98 Y206.691 E48.60691
G1 X202.147 Y207.158 E48.64503
G1 X201.278 Y207.554 E48.68314
G1 X200.379 Y207.876 E48.72125
G1 X199.456 Y208.121 E48.75937
G1 X198.516 Y208.288 E48.79747
G1 X197.311 Y208.387 E48.84573
G1 X196.99 Y208.396 E48.85855
G1 X196.67 Y208.4 E48.87132
G1 X173.378 Y208.399 E49.80095
G1 X172.675 Y208.389 E49.82901
G1 X171.722 Y208.335 E49.86711
G1 X170.776 Y208.202 E49.90524
G1 X169.845 Y207.99 E49.94335
G1 X168.935 Y207.701 E49.98146
G1 X168.052 Y207.337 E50.01958
G1 X167.203 Y206.901 E50.05767
G1 X166.394 Y206.395 E50.09575
G1 X165.809 Y205.966 E50.12471
G1 X164.52 Y204.955 E50.19009
G1 X162.489 Y203.417 E50.29177
G1 X160.467 Y201.972 E50.39096
G1 X158.393 Y200.578 E50.4907
G1 X156.268 Y199.235 E50.59103
G1 X154.099 Y197.949 E50.69168
G1 X151.925 Y196.74 E50.79096
G1 X149.686 Y195.578 E50.89164
G1 X147.468 Y194.504 E50.99
G1 X145.151 Y193.464 E51.09136
G1 X142.847 Y192.506 E51.19095
G1 X140.455 Y191.589 E51.2932
G1 X138.132 Y190.776 E51.39143
G1 X135.768 Y190.022 E51.49046
G1 X133.314 Y189.313 E51.59241
G1 X130.919 Y188.696 E51.69113
G1 X128.46 Y188.135 E51.79179
G1 X125.996 Y187.644 E51.89207
G1 X123.547 Y187.231 E51.99119
G1 X121.08 Y186.885 E52.09062
G1 X118.573 Y186.606 E52.1913
G1 X116.069 Y186.398 E52.29158
G1 X113.573 Y186.262 E52.39135
G1 X111.066 Y186.195 E52.49145
G1 X108.571 Y186.201 E52.59103
G1 X106.06 Y186.277 E52.69129
G1 X103.546 Y186.424 E52.7918
G1 X101.072 Y186.64 E52.89092
G1 X98.549 Y186.932 E52.99229
G1 X96.096 Y187.286 E53.09121
G1 X93.625 Y187.715 E53.19131
G1 X91.176 Y188.209 E53.29102
G1 X88.716 Y188.782 E53.39184
G1 X86.308 Y189.414 E53.4912
G1 X83.87 Y190.127 E53.59258
G1 X81.518 Y190.89 E53.69127
G1 X79.157 Y191.729 E53.79128
G1 X76.846 Y192.624 E53.89019
G1 X74.502 Y193.609 E53.99167
G1 X72.225 Y194.643 E54.09148
G1 X69.951 Y195.754 E54.19249
G1 X67.748 Y196.909 E54.29177
G1 X65.578 Y198.126 E54.39107
G1 X63.412 Y199.423 E54.49183
G1 X61.296 Y200.773 E54.59201
G1 X59.223 Y202.178 E54.69196
G1 X57.235 Y203.611 E54.78977
G1 X54.14 Y206.006 E54.94597
G1 X53.361 Y206.558 E54.98407
G1 X52.539 Y207.043 E55.02217
G1 X51.679 Y207.458 E55.06028
G1 X50.787 Y207.799 E55.09839
G1 X49.87 Y208.064 E55.13649
G1 X48.934 Y208.252 E55.17459
G1 X47.513 Y208.385 E55.23156
G1 X47.187 Y208.395 E55.24457
G1 X46.837 Y208.4 E55.25854
G1 X23.56 Y208.399 E56.18758
G1 X22.862 Y208.39 E56.21544
G1 X21.909 Y208.338 E56.25353
G1 X20.963 Y208.206 E56.29166
G1 X20.032 Y207.995 E56.32976
G1 X19.121 Y207.708 E56.36788
G1 X18.238 Y207.345 E56.40598
G1 X17.389 Y206.909 E56.44407
G1 X16.578 Y206.404 E56.48221
G1 X15.813 Y205.833 E56.52031
G1 X15.099 Y205.2 E56.55839
G1 X14.439 Y204.509 E56.59653
G1 X13.84 Y203.766 E56.63462
G1 X13.306 Y202.975 E56.67271
G1 X12.839 Y202.142 E56.71083
G1 X12.444 Y201.273 E56.74892
G1 X12.122 Y200.374 E56.78704
G1 X11.878 Y199.451 E56.82514
G1 X11.711 Y198.511 E56.86325
G1 X11.613 Y197.299 E56.91178
G1 X11.604 Y196.966 E56.92507
G1 X11.6 Y196.658 E56.93737
G1 X11.601 Y173.378 E57.86652
G1 X11.611 Y172.675 E57.89458
G1 X11.665 Y171.722 E57.93268
G1 X11.798 Y170.776 E57.97081
G1 X12.01 Y169.845 E58.00892
G1 X12.299 Y168.935 E58.04703
G1 X12.663 Y168.052 E58.08515
G1 X13.099 Y167.203 E58.12324
G1 X13.605 Y166.394 E58.16132
G1 X14.034 Y165.809 E58.19028
G1 X15.045 Y164.52 E58.25566
G1 X16.58 Y162.493 E58.35714
G1 X18.017 Y160.482 E58.45579
G1 X19.428 Y158.385 E58.55667
G1 X20.77 Y156.26 E58.65698
G1 X22.051 Y154.099 E58.75725
G1 X23.26 Y151.925 E58.85653
G1 X24.422 Y149.686 E58.95721
G1 X25.496 Y147.468 E59.05557
G1 X26.536 Y145.151 E59.15693
G1 X27.494 Y142.847 E59.25652
G1 X28.411 Y140.455 E59.35877
G1 X29.224 Y138.132 E59.457
G1 X29.978 Y135.768 E59.55603
G1 X30.687 Y133.314 E59.65798
G1 X31.304 Y130.919 E59.7567
G1 X31.865 Y128.46 E59.85736
G1 X32.356 Y125.996 E59.95764
G1 X32.769 Y123.547 E60.05676
G1 X33.115 Y121.08 E60.15619
G1 X33.394 Y118.573 E60.25687
G1 X33.602 Y116.069 E60.35715
G1 X33.738 Y113.573 E60.45692
G1 X33.805 Y111.066 E60.55702
G1 X33.799 Y108.57 E60.65664
G1 X33.723 Y106.059 E60.7569
G1 X33.576 Y103.545 E60.85741
G1 X33.357 Y101.035 E60.95797
G1 X33.073 Y98.579 E61.05665
G1 X32.715 Y96.1 E61.15662
G1 X32.285 Y93.625 E61.25688
G1 X31.791 Y91.176 E61.3566
G1 X31.216 Y88.706 E61.45781
G1 X30.591 Y86.325 E61.55606
G1 X29.876 Y83.882 E61.65766
G1 X29.106 Y81.507 E61.75731
G1 X28.267 Y79.146 E61.85731
G1 X27.376 Y76.846 E61.95576
G1 X26.38 Y74.475 E62.0584
G1 X25.37 Y72.25 E62.15593
G1 X24.247 Y69.952 E62.25801
G1 X23.087 Y67.741 E62.35767
G1 X21.874 Y65.578 E62.45664
G1 X20.577 Y63.412 E62.55741
G1 X19.227 Y61.296 E62.65759
G1 X17.822 Y59.223 E62.75754
G1 X16.376 Y57.217 E62.85623
G1 X13.994 Y54.139 E63.01157
G1 X13.441 Y53.36 E63.0497
G1 X12.956 Y52.538 E63.0878
G1 X12.542 Y51.678 E63.12589
G1 X12.2 Y50.786 E63.16402
G1 X11.935 Y49.869 E63.20212
G1 X11.747 Y48.933 E63.24022
G1 X11.639 Y47.984 E63.27834
G1 X11.613 Y47.478 E63.29856
G1 X11.604 Y47.153 E63.31154
G1 X11.6 Y46.837 E63.32415
G1 X11.601 Y23.503 E64.25546
G1 X11.611 Y22.838 E64.28201
G1 X11.666 Y21.884 E64.32015
G1 X11.8 Y20.939 E64.35824
G1 X12.012 Y20.008 E64.39635
G1 X12.302 Y19.098 E64.43447
G1 X12.667 Y18.216 E64.47257
G1 X13.104 Y17.367 E64.51068
G1 X13.611 Y16.558 E64.54878
G1 X14.183 Y15.794 E64.58688
G1 X14.818 Y15.081 E64.62498
G0 F6000 X15.21 Y15.252
G1 F360 X15.899 Y14.616 E64.66241
G1 X16.64 Y14.041 E64.69984
G1 X17.427 Y13.531 E64.73727
G1 X18.255 Y13.09 E64.77472
G1 X19.117 Y12.721 E64.81214
G1 X20.008 Y12.427 E64.84959
G1 X20.92 Y12.209 E64.88701
G1 X21.847 Y12.071 E64.92442
G1 X22.701 Y12.013 E64.95858
G1 X23.021 Y12.004 E64.97136
G1 X23.33 Y12 E64.98369
G1 X46.46 Y12 E65.90686
G1 X47.319 Y12.011 E65.94115
G1 X48.256 Y12.064 E65.97861
G1 X49.184 Y12.197 E66.01602
G1 X50.098 Y12.409 E66.05347
G1 X50.99 Y12.697 E66.09088
G1 X51.855 Y13.061 E66.12834
G1 X52.685 Y13.497 E66.16576
G1 X53.476 Y14.002 E66.20321
G1 X53.945 Y14.349 E66.2265
G1 X55.139 Y15.285 E66.28705
G1 X55.229 Y15.357 E66.29165
G1 X57.256 Y16.891 E66.39311
G1 X59.3 Y18.352 E66.49339
G1 X61.416 Y19.775 E66.59516
G1 X63.519 Y21.104 E66.69445
G1 X65.682 Y22.386 E66.79481
G1 X67.903 Y23.621 E66.89624
G1 X70.134 Y24.78 E66.99658
G1 X72.373 Y25.863 E67.09585
G1 X74.71 Y26.912 E67.19809
G1 X77.004 Y27.866 E67.29725
G1 X79.396 Y28.783 E67.39949
G1 X81.73 Y29.6 E67.49819
G1 X84.104 Y30.357 E67.59764
G1 X86.58 Y31.072 E67.7005
G1 X88.997 Y31.696 E67.80013
G1 X91.444 Y32.254 E67.9003
G1 X93.93 Y32.749 E68.00147
G1 X96.403 Y33.166 E68.10157
G1 X98.891 Y33.515 E68.20184
G1 X101.383 Y33.792 E68.30192
G1 X103.877 Y33.999 E68.4018
G1 X106.429 Y34.138 E68.50381
G1 X108.925 Y34.205 E68.60346
G1 X111.443 Y34.199 E68.70396
G1 X113.974 Y34.122 E68.80503
G1 X116.476 Y33.976 E68.90506
G1 X118.976 Y33.758 E69.00522
G1 X121.488 Y33.467 E69.10615
G1 X123.959 Y33.111 E69.20579
G1 X126.48 Y32.673 E69.30791
G1 X128.897 Y32.185 E69.40633
G1 X131.371 Y31.609 E69.50771
G1 X133.801 Y30.971 E69.60799
G1 X136.219 Y30.264 E69.70853
G1 X138.634 Y29.481 E69.80986
G1 X140.973 Y28.65 E69.90893
G1 X143.317 Y27.741 E70.00927
G1 X145.669 Y26.754 E70.11108
G1 X147.951 Y25.717 E70.21112
G1 X150.204 Y24.617 E70.31119
G1 X152.44 Y23.444 E70.41197
G1 X154.633 Y22.214 E70.51232
G1 X156.787 Y20.924 E70.61253
G1 X158.939 Y19.552 E70.71439
G1 X160.991 Y18.161 E70.81334
G1 X163.032 Y16.689 E70.91377
G1 X166.105 Y14.311 E71.06886
G1 X166.87 Y13.769 E71.10628
G1 X167.679 Y13.294 E71.14372
G1 X168.526 Y12.89 E71.18117
G1 X169.403 Y12.56 E71.21857
G1 X170.306 Y12.305 E71.25602
G1 X171.227 Y12.128 E71.29345
G1 X172.5 Y12.015 E71.34446
G1 X172.826 Y12.005 E71.35748
G1 X173.163 Y12 E71.37093
G1 X196.435 Y12.001 E72.29977
G1 X197.133 Y12.01 E72.32763
G1 X198.069 Y12.062 E72.36504
G1 X198.998 Y12.194 E72.4025
G1 X199.912 Y12.404 E72.43993
G1 X200.805 Y12.691 E72.47736
G1 X201.67 Y13.054 E72.5148
G1 X202.501 Y13.488 E72.55222
G1 X203.292 Y13.992 E72.58966
G1 X204.037 Y14.562 E72.6271
G1 X204.731 Y15.193 E72.66453
G1 X205.368 Y15.88 E72.70192
G1 X205.945 Y16.62 E72.73938
G1 X206.457 Y17.406 E72.77682
G1 X206.9 Y18.233 E72.81426
G1 X207.271 Y19.094 E72.85168
G1 X207.567 Y19.984 E72.88911
G1 X207.786 Y20.896 E72.92655
G1 X207.927 Y21.823 E72.96397
G1 X207.987 Y22.701 E72.9991
G1 X207.996 Y23.022 E73.01191
G1 X208 Y23.33 E73.02421
G1 X207.999 Y46.593 E73.95269
G1 X207.989 Y47.315 E73.9815
G1 X207.936 Y48.252 E74.01896
G1 X207.803 Y49.18 E74.05638
G1 X207.592 Y50.094 E74.09382
G1 X207.304 Y50.986 E74.13123
G1 X206.941 Y51.851 E74.16867
G1 X206.505 Y52.682 E74.20613
G1 X206.001 Y53.472 E74.24353
G1 X205.651 Y53.945 E74.26701
G1 X204.715 Y55.139 E74.32756
G1 X204.643 Y55.229 E74.33216
G1 X203.109 Y57.256 E74.43362
G1 X201.631 Y59.324 E74.53507
G1 X200.229 Y61.408 E74.63532
G1 X198.906 Y63.503 E74.73421
G1 X197.614 Y65.682 E74.83532
G1 X196.379 Y67.903 E74.93675
G1 X195.22 Y70.134 E75.03709
G1 X194.137 Y72.373 E75.13636
G1 X193.088 Y74.71 E75.2386
G1 X192.134 Y77.004 E75.33776
G1 X191.217 Y79.396 E75.44001
G1 X190.4 Y81.73 E75.5387
G1 X189.643 Y84.104 E75.63815
G1 X188.928 Y86.58 E75.74101
G1 X188.304 Y88.997 E75.84065
G1 X187.746 Y91.444 E75.94082
G1 X187.251 Y93.93 E76.04199
G1 X186.834 Y96.403 E76.14208
G1 X186.485 Y98.891 E76.24236
G1 X186.208 Y101.383 E76.34243
G1 X186.001 Y103.877 E76.44231
G1 X185.862 Y106.429 E76.54432
G1 X185.795 Y108.925 E76.64398
G1 X185.801 Y111.443 E76.74448
G1 X185.878 Y113.975 E76.84558
G1 X186.024 Y116.476 E76.94557
G1 X186.242 Y118.976 E77.04573
G1 X186.533 Y121.488 E77.14666
G1 X186.889 Y123.959 E77.2463
G1 X187.327 Y126.48 E77.34843
G1 X187.815 Y128.897 E77.44684
G1 X188.391 Y131.371 E77.54822
G1 X189.029 Y133.801 E77.6485
G1 X189.736 Y136.219 E77.74905
G1 X190.519 Y138.634 E77.85037
G1 X191.35 Y140.973 E77.94945
G1 X192.259 Y143.317 E78.04979
G1 X193.246 Y145.669 E78.15159
G1 X194.283 Y147.951 E78.25163
G1 X195.384 Y150.206 E78.35179
G1 X196.561 Y152.449 E78.45289
G1 X197.779 Y154.62 E78.55225
G1 X199.076 Y156.787 E78.65304
G1 X200.432 Y158.914 E78.75372
G1 X201.859 Y161.019 E78.85522
G1 X203.303 Y163.022 E78.95377
G1 X205.689 Y166.105 E79.10937
G1 X206.231 Y166.87 E79.14679
G1 X206.706 Y167.679 E79.18423
G1 X207.11 Y168.526 E79.22169
G1 X207.44 Y169.403 E79.25909
G1 X207.695 Y170.306 E79.29654
G1 X207.872 Y171.227 E79.33397
G1 X207.985 Y172.5 E79.38498
G1 X207.995 Y172.826 E79.39799
G1 X208 Y173.163 E79.41144
G1 X207.999 Y196.4 E80.33888
G1 X207.99 Y197.127 E80.3679
G1 X207.939 Y198.064 E80.40535
G1 X207.807 Y198.992 E80.44277
G1 X207.598 Y199.906 E80.48019
G1 X207.311 Y200.799 E80.51762
G1 X206.949 Y201.665 E80.55509
G1 X206.515 Y202.496 E80.5925
G1 X206.011 Y203.287 E80.62994
G1 X205.442 Y204.032 E80.66735
G1 X204.811 Y204.727 E80.70482
G1 X204.124 Y205.365 E80.74224
G1 X203.385 Y205.942 E80.77966
G1 X202.599 Y206.454 E80.8171
G1 X201.773 Y206.897 E80.85451
G1 X200.911 Y207.269 E80.89198
G1 X200.022 Y207.565 E80.92938
G1 X199.11 Y207.785 E80.96682
G1 X198.183 Y207.926 E81.00425
G1 X197.299 Y207.987 E81.03961
G1 X196.978 Y207.996 E81.05243
G1 X196.67 Y208 E81.06472
G1 X173.384 Y207.999 E81.99412
G1 X172.681 Y207.989 E82.02218
G1 X171.744 Y207.936 E82.05964
G1 X170.816 Y207.803 E82.09705
G1 X169.902 Y207.591 E82.1345
G1 X169.01 Y207.303 E82.17191
G1 X168.145 Y206.939 E82.20937
G1 X167.315 Y206.503 E82.24679
G1 X166.524 Y205.998 E82.28424
G1 X166.055 Y205.651 E82.30753
G1 X164.861 Y204.715 E82.36808
G1 X164.771 Y204.643 E82.37268
G1 X162.744 Y203.109 E82.47414
G1 X160.7 Y201.648 E82.57442
G1 X158.584 Y200.225 E82.67619
G1 X156.481 Y198.896 E82.77548
G1 X154.318 Y197.614 E82.87584
G1 X152.097 Y196.379 E82.97727
G1 X149.866 Y195.22 E83.07761
G1 X147.627 Y194.137 E83.17688
G1 X145.29 Y193.088 E83.27912
G1 X142.996 Y192.134 E83.37828
G1 X140.604 Y191.217 E83.48052
G1 X138.27 Y190.4 E83.57922
G1 X135.896 Y189.643 E83.67867
G1 X133.42 Y188.928 E83.78153
G1 X131.003 Y188.304 E83.88116
G1 X128.556 Y187.746 E83.98134
G1 X126.07 Y187.251 E84.0825
G1 X123.597 Y186.834 E84.1826
G1 X121.109 Y186.485 E84.28287
G1 X118.617 Y186.208 E84.38295
G1 X116.123 Y186.001 E84.48283
G1 X113.571 Y185.862 E84.58484
G1 X111.075 Y185.795 E84.6845
G1 X108.557 Y185.801 E84.78499
G1 X106.026 Y185.878 E84.88606
G1 X103.524 Y186.024 E84.98609
G1 X101.024 Y186.242 E85.08625
G1 X98.512 Y186.533 E85.18718
G1 X96.041 Y186.889 E85.28682
G1 X93.52 Y187.327 E85.38894
G1 X91.103 Y187.815 E85.48736
G1 X88.629 Y188.391 E85.58874
G1 X86.199 Y189.029 E85.68902
G1 X83.781 Y189.736 E85.78956
G1 X81.366 Y190.519 E85.89089
G1 X79.027 Y191.35 E85.98996
G1 X76.683 Y192.259 E86.09031
G1 X74.331 Y193.246 E86.19211
G1 X72.049 Y194.283 E86.29215
G1 X69.796 Y195.383 E86.39222
G1 X67.56 Y196.556 E86.493
G1 X65.367 Y197.786 E86.59335
G1 X63.213 Y199.076 E86.69356
G1 X61.061 Y200.448 E86.79542
G1 X59.009 Y201.839 E86.89437
G1 X56.973 Y203.307 E86.99455
G1 X53.895 Y205.689 E87.14989
G1 X53.13 Y206.231 E87.18731
G1 X52.321 Y206.706 E87.22475
G1 X51.474 Y207.11 E87.26221
G1 X50.597 Y207.44 E87.2996
G1 X49.694 Y207.695 E87.33705
G1 X48.773 Y207.872 E87.37449
G1 X47.5 Y207.985 E87.42549
G1 X47.174 Y207.995 E87.43851
G1 X46.837 Y208 E87.45196
G1 X23.565 Y207.999 E88.3808
G1 X22.867 Y207.99 E88.40866
G1 X21.931 Y207.938 E88.44608
G1 X21.002 Y207.806 E88.48353
G1 X20.088 Y207.596 E88.52096
G1 X19.195 Y207.309 E88.55839
G1 X18.33 Y206.946 E88.59583
G1 X17.499 Y206.512 E88.63325
G1 X16.708 Y206.008 E88.67069
G1 X15.963 Y205.438 E88.70813
G1 X15.269 Y204.807 E88.74556
G1 X14.632 Y204.12 E88.78296
G1 X14.055 Y203.38 E88.82041
G1 X13.543 Y202.594 E88.85785
G1 X13.1 Y201.767 E88.89529
G1 X12.729 Y200.906 E88.93271
G1 X12.433 Y200.016 E88.97015
G1 X12.214 Y199.104 E89.00758
G1 X12.073 Y198.177 E89.045
G1 X12.013 Y197.288 E89.08057
G1 X12.004 Y196.955 E89.09386
G1 X12 Y196.658 E89.10572
G1 X12.001 Y173.384 E90.03463
G1 X12.011 Y172.681 E90.06269
G1 X12.064 Y171.744 E90.10015
G1 X12.197 Y170.816 E90.13757
G1 X12.409 Y169.902 E90.17502
G1 X12.697 Y169.01 E90.21243
G1 X13.061 Y168.145 E90.24988
G1 X13.497 Y167.315 E90.2873
G1 X14.002 Y166.524 E90.32476
G1 X14.349 Y166.055 E90.34805
G1 X15.285 Y164.861 E90.4086
G1 X15.357 Y164.771 E90.4132
G1 X16.891 Y162.744 E90.51466
G1 X18.369 Y160.676 E90.61611
G1 X19.771 Y158.592 E90.71636
G1 X21.094 Y156.497 E90.81525
G1 X22.386 Y154.318 E90.91636
G1 X23.621 Y152.097 E91.01778
G1 X24.78 Y149.866 E91.11813
G1 X25.863 Y147.627 E91.21739
G1 X26.912 Y145.29 E91.31963
G1 X27.866 Y142.996 E91.41879
G1 X28.783 Y140.604 E91.52104
G1 X29.6 Y138.27 E91.61974
G1 X30.357 Y135.896 E91.71919
G1 X31.072 Y133.42 E91.82205
G1 X31.696 Y131.003 E91.92168
G1 X32.254 Y128.556 E92.02185
G1 X32.749 Y126.07 E92.12302
G1 X33.166 Y123.597 E92.22312
G1 X33.515 Y121.109 E92.32339
G1 X33.792 Y118.617 E92.42346
G1 X33.999 Y116.123 E92.52335
G1 X34.138 Y113.571 E92.62536
G1 X34.205 Y111.075 E92.72501
G1 X34.199 Y108.557 E92.82551
G1 X34.122 Y106.025 E92.92662
G1 X33.976 Y103.521 E93.02672
G1 X33.758 Y101.026 E93.12669
G1 X33.467 Y98.512 E93.22769
G1 X33.111 Y96.046 E93.32714
G1 X32.672 Y93.514 E93.4297
G1 X32.185 Y91.103 E93.52787
G1 X31.606 Y88.619 E93.62967
G1 X30.976 Y86.216 E93.72882
G1 X30.258 Y83.761 E93.83091
G1 X29.488 Y81.387 E93.93052
G1 X28.646 Y79.016 E94.03095
G1 X27.741 Y76.683 E94.13082
G1 X26.754 Y74.333 E94.23255
G1 X25.716 Y72.045 E94.33283
G1 X24.617 Y69.797 E94.4327
G1 X23.444 Y67.56 E94.53351
G1 X22.214 Y65.367 E94.63387
G1 X20.924 Y63.213 E94.73408
G1 X19.552 Y61.061 E94.83594
G1 X18.161 Y59.009 E94.93488
G1 X16.693 Y56.973 E95.03506
G1 X14.31 Y53.894 E95.19046
G1 X13.768 Y53.129 E95.22788
G1 X13.293 Y52.32 E95.26532
G1 X12.889 Y51.474 E95.30274
G1 X12.559 Y50.596 E95.34018
G1 X12.304 Y49.693 E95.37763
G1 X12.128 Y48.772 E95.41505
G1 X12.013 Y47.466 E95.46738
G1 X12.004 Y47.141 E95.48035
G1 X12 Y46.837 E95.49249
G1 X12.001 Y23.509 E96.42356
G1 X12.011 Y22.844 E96.4501
G1 X12.065 Y21.907 E96.48756
G1 X12.199 Y20.979 E96.52499
G1 X12.411 Y20.065 E96.56243
G1 X12.7 Y19.173 E96.59986
G1 X13.065 Y18.309 E96.63729
G1 X13.501 Y17.479 E96.67471
G1 X14.007 Y16.689 E96.71216
G1 X14.578 Y15.945 E96.74959
G1 X15.21 Y15.252 E96.78702
G0 F6000 X15.602 Y15.427
G1 F360 X16.288 Y14.813 E96.82377
G1 X17.024 Y14.261 E96.86049
G1 X17.806 Y13.774 E96.89726
G1 X18.627 Y13.358 E96.93399
G1 X19.481 Y13.014 E96.97074
G1 X20.361 Y12.745 E97.00746
G1 X21.262 Y12.554 E97.04422
G1 X22.176 Y12.442 E97.08098
G1 X22.712 Y12.413 E97.1024
G1 X23.032 Y12.404 E97.11518
G1 X23.33 Y12.4 E97.12707
G1 X46.46 Y12.4 E98.05024
G1 X47.314 Y12.411 E98.08433
G1 X48.233 Y12.464 E98.12107
G1 X49.144 Y12.597 E98.15781
G1 X50.04 Y12.808 E98.19455
G1 X50.914 Y13.096 E98.23128
G1 X51.761 Y13.459 E98.26806
G1 X52.572 Y13.894 E98.30479
G1 X53.698 Y14.664 E98.35924
G1 X54.998 Y15.684 E98.42519
G1 X57.003 Y17.202 E98.52556
G1 X59.089 Y18.693 E98.6279
G1 X61.169 Y20.091 E98.72792
G1 X63.323 Y21.453 E98.82964
G1 X65.505 Y22.746 E98.93087
G1 X67.689 Y23.961 E99.03062
G1 X69.955 Y25.137 E99.13251
G1 X72.214 Y26.23 E99.23267
G1 X74.529 Y27.269 E99.33395
G1 X76.856 Y28.237 E99.43454
G1 X79.257 Y29.158 E99.53718
G1 X81.624 Y29.986 E99.63726
G1 X84.009 Y30.747 E99.73718
G1 X86.442 Y31.449 E99.83825
G1 X88.914 Y32.087 E99.94015
G1 X91.349 Y32.642 E100.03982
G1 X93.852 Y33.141 E100.14169
G1 X96.353 Y33.562 E100.24292
G1 X98.828 Y33.91 E100.34267
G1 X101.342 Y34.19 E100.44363
G1 X103.893 Y34.401 E100.54579
G1 X106.397 Y34.538 E100.64588
G1 X108.915 Y34.605 E100.74642
G1 X111.456 Y34.599 E100.84783
G1 X113.976 Y34.523 E100.94846
G1 X116.499 Y34.375 E101.04933
G1 X119.021 Y34.155 E101.15037
G1 X121.554 Y33.862 E101.25214
G1 X124.013 Y33.507 E101.3513
G1 X126.556 Y33.066 E101.45431
G1 X128.969 Y32.578 E101.55257
G1 X131.484 Y31.993 E101.65563
G1 X133.909 Y31.357 E101.75569
G1 X136.349 Y30.642 E101.85717
G1 X138.722 Y29.873 E101.95673
G1 X141.146 Y29.012 E102.0594
G1 X143.468 Y28.112 E102.1588
G1 X145.824 Y27.123 E102.26078
G1 X148.099 Y26.089 E102.36052
G1 X150.401 Y24.965 E102.46276
G1 X152.642 Y23.789 E102.56377
G1 X154.828 Y22.563 E102.66381
G1 X157.013 Y21.255 E102.76545
G1 X159.132 Y19.904 E102.86575
G1 X161.243 Y18.473 E102.96753
G1 X163.252 Y17.024 E103.0664
G1 X166.35 Y14.627 E103.22274
G1 X167.102 Y14.096 E103.25948
G1 X167.897 Y13.632 E103.29622
G1 X168.729 Y13.238 E103.33296
G1 X169.593 Y12.919 E103.36972
G1 X170.48 Y12.675 E103.40644
G1 X171.386 Y12.51 E103.44319
G1 X172.512 Y12.415 E103.48829
G1 X172.838 Y12.405 E103.50131
G1 X173.163 Y12.4 E103.51428
G1 X196.43 Y12.401 E104.44292
G1 X197.128 Y12.41 E104.47078
G1 X198.047 Y12.462 E104.50752
G1 X198.958 Y12.593 E104.54425
G1 X199.854 Y12.803 E104.58098
G1 X200.729 Y13.09 E104.61774
G1 X201.576 Y13.452 E104.6545
G1 X202.388 Y13.886 E104.69125
G1 X203.159 Y14.388 E104.72797
G1 X203.884 Y14.956 E104.76473
G1 X204.557 Y15.585 E104.80149
G1 X205.172 Y16.269 E104.8382
G1 X205.726 Y17.004 E104.87494
G1 X206.214 Y17.785 E104.9117
G1 X206.633 Y18.605 E104.94845
G1 X206.979 Y19.458 E104.98519
G1 X207.249 Y20.338 E105.02193
G1 X207.442 Y21.239 E105.0587
G1 X207.556 Y22.152 E105.09543
G1 X207.587 Y22.712 E105.11781
G1 X207.596 Y23.033 E105.13063
G1 X207.6 Y23.33 E105.14248
G1 X207.599 Y46.588 E106.07076
G1 X207.589 Y47.31 E106.09958
G1 X207.536 Y48.229 E106.13632
G1 X207.404 Y49.14 E106.17306
G1 X207.193 Y50.036 E106.2098
G1 X206.905 Y50.911 E106.24657
G1 X206.543 Y51.757 E106.28329
G1 X206.108 Y52.569 E106.32006
G1 X205.336 Y53.698 E106.37465
G1 X204.316 Y54.998 E106.4406
G1 X202.798 Y57.003 E106.54097
G1 X201.301 Y59.097 E106.64371
G1 X199.902 Y61.177 E106.74375
G1 X198.557 Y63.307 E106.8443
G1 X197.254 Y65.505 E106.94628
G1 X196.039 Y67.689 E107.04603
G1 X194.873 Y69.935 E107.14703
G1 X193.77 Y72.214 E107.24809
G1 X192.731 Y74.529 E107.34936
G1 X191.763 Y76.856 E107.44995
G1 X190.842 Y79.257 E107.55259
G1 X190.014 Y81.624 E107.65268
G1 X189.253 Y84.009 E107.75259
G1 X188.551 Y86.442 E107.85366
G1 X187.913 Y88.914 E107.95556
G1 X187.358 Y91.349 E108.05524
G1 X186.859 Y93.852 E108.1571
G1 X186.438 Y96.353 E108.25833
G1 X186.09 Y98.828 E108.35808
G1 X185.81 Y101.342 E108.45904
G1 X185.599 Y103.893 E108.5612
G1 X185.462 Y106.397 E108.66129
G1 X185.395 Y108.915 E108.76183
G1 X185.401 Y111.456 E108.86325
G1 X185.477 Y113.974 E108.96379
G1 X185.625 Y116.501 E109.06482
G1 X185.845 Y119.021 E109.16578
G1 X186.138 Y121.554 E109.26755
G1 X186.493 Y124.013 E109.36672
G1 X186.934 Y126.556 E109.46973
G1 X187.422 Y128.969 E109.56798
G1 X188.007 Y131.484 E109.67104
G1 X188.643 Y133.909 E109.7711
G1 X189.357 Y136.346 E109.87246
G1 X190.127 Y138.722 E109.97215
G1 X190.988 Y141.146 E110.07481
G1 X191.888 Y143.468 E110.17421
G1 X192.877 Y145.824 E110.27619
G1 X193.911 Y148.099 E110.37593
G1 X195.029 Y150.388 E110.4776
G1 X196.209 Y152.639 E110.57904
G1 X197.445 Y154.843 E110.6799
G1 X198.745 Y157.013 E110.78086
G1 X200.107 Y159.149 E110.88197
G1 X201.503 Y161.209 E110.98129
G1 X202.986 Y163.265 E111.08247
G1 X205.373 Y166.35 E111.23815
G1 X205.904 Y167.102 E111.27489
G1 X206.368 Y167.897 E111.31163
G1 X206.762 Y168.729 E111.34837
G1 X207.081 Y169.593 E111.38513
G1 X207.325 Y170.48 E111.42185
G1 X207.49 Y171.386 E111.4586
G1 X207.585 Y172.512 E111.5037
G1 X207.595 Y172.838 E111.51672
G1 X207.6 Y173.163 E111.52969
G1 X207.599 Y196.395 E112.45693
G1 X207.59 Y197.122 E112.48595
G1 X207.539 Y198.041 E112.52269
G1 X207.408 Y198.953 E112.55946
G1 X207.198 Y199.849 E112.59619
G1 X206.912 Y200.724 E112.63293
G1 X206.551 Y201.571 E112.66968
G1 X206.117 Y202.383 E112.70643
G1 X205.615 Y203.155 E112.74318
G1 X205.047 Y203.88 E112.77994
G1 X204.419 Y204.553 E112.81668
G1 X203.735 Y205.169 E112.85342
G1 X203 Y205.723 E112.89015
G1 X202.22 Y206.212 E112.9269
G1 X201.4 Y206.631 E112.96365
G1 X200.547 Y206.977 E113.00039
G1 X199.667 Y207.248 E113.03714
G1 X198.767 Y207.441 E113.07388
G1 X197.853 Y207.556 E113.11065
G1 X197.288 Y207.587 E113.13323
G1 X196.967 Y207.596 E113.14605
G1 X196.67 Y207.6 E113.1579
G1 X173.389 Y207.599 E114.0871
G1 X172.686 Y207.589 E114.11516
G1 X171.767 Y207.536 E114.1519
G1 X170.856 Y207.403 E114.18864
G1 X169.96 Y207.192 E114.22538
G1 X169.086 Y206.904 E114.26211
G1 X168.239 Y206.541 E114.29889
G1 X167.428 Y206.106 E114.33562
G1 X166.302 Y205.336 E114.39007
G1 X165.002 Y204.316 E114.45602
G1 X162.997 Y202.798 E114.55639
G1 X160.911 Y201.307 E114.65873
G1 X158.831 Y199.909 E114.75875
G1 X156.677 Y198.547 E114.86047
G1 X154.495 Y197.254 E114.9617
G1 X152.311 Y196.039 E115.06145
G1 X150.045 Y194.863 E115.16334
G1 X147.786 Y193.77 E115.2635
G1 X145.471 Y192.731 E115.36478
G1 X143.144 Y191.763 E115.46537
G1 X140.743 Y190.842 E115.56801
G1 X138.376 Y190.014 E115.66809
G1 X135.991 Y189.253 E115.76801
G1 X133.558 Y188.551 E115.86908
G1 X131.086 Y187.913 E115.97098
G1 X128.651 Y187.358 E116.07065
G1 X126.148 Y186.859 E116.17252
G1 X123.647 Y186.438 E116.27374
G1 X121.172 Y186.09 E116.3735
G1 X118.658 Y185.81 E116.47446
G1 X116.107 Y185.599 E116.57662
G1 X113.603 Y185.462 E116.67671
G1 X111.085 Y185.395 E116.77725
G1 X108.544 Y185.401 E116.87866
G1 X106.024 Y185.477 E116.97929
G1 X103.501 Y185.625 E117.08016
G1 X100.979 Y185.845 E117.1812
G1 X98.446 Y186.138 E117.28297
G1 X95.987 Y186.493 E117.38213
G1 X93.444 Y186.934 E117.48514
G1 X91.031 Y187.422 E117.5834
G1 X88.516 Y188.007 E117.68646
G1 X86.091 Y188.643 E117.78652
G1 X83.651 Y189.358 E117.888
G1 X81.278 Y190.127 E117.98756
G1 X78.854 Y190.988 E118.09023
G1 X76.532 Y191.888 E118.18963
G1 X74.176 Y192.877 E118.29161
G1 X71.901 Y193.911 E118.39135
G1 X69.599 Y195.035 E118.49359
G1 X67.358 Y196.211 E118.5946
G1 X65.172 Y197.437 E118.69464
G1 X62.987 Y198.745 E118.79627
G1 X60.868 Y200.096 E118.89658
G1 X58.757 Y201.527 E118.99836
G1 X56.748 Y202.976 E119.09723
G1 X53.65 Y205.373 E119.25357
G1 X52.898 Y205.904 E119.29031
G1 X52.103 Y206.368 E119.32705
G1 X51.271 Y206.762 E119.36379
G1 X50.407 Y207.081 E119.40055
G1 X49.52 Y207.325 E119.43727
G1 X48.614 Y207.49 E119.47402
G1 X47.488 Y207.585 E119.51912
G1 X47.162 Y207.595 E119.53214
G1 X46.837 Y207.6 E119.54511
G1 X23.57 Y207.599 E120.47375
G1 X22.872 Y207.59 E120.50161
G1 X21.953 Y207.538 E120.53835
G1 X21.042 Y207.407 E120.57508
G1 X20.146 Y207.197 E120.61181
G1 X19.271 Y206.91 E120.64857
G1 X18.424 Y206.548 E120.68533
G1 X17.612 Y206.114 E120.72208
G1 X16.841 Y205.612 E120.7588
G1 X16.116 Y205.044 E120.79556
G1 X15.443 Y204.415 E120.83232
G1 X14.828 Y203.731 E120.86903
G1 X14.274 Y202.996 E120.90577
G1 X13.786 Y202.215 E120.94253
G1 X13.367 Y201.395 E120.97928
G1 X13.021 Y200.542 E121.01602
G1 X12.751 Y199.662 E121.05276
G1 X12.558 Y198.761 E121.08953
G1 X12.444 Y197.848 E121.12626
G1 X12.413 Y197.277 E121.14908
G1 X12.404 Y196.944 E121.16238
G1 X12.4 Y196.658 E121.17379
G1 X12.401 Y173.389 E122.10251
G1 X12.411 Y172.686 E122.13057
G1 X12.464 Y171.767 E122.16731
G1 X12.597 Y170.856 E122.20405
G1 X12.808 Y169.96 E122.24079
G1 X13.096 Y169.086 E122.27752
G1 X13.459 Y168.239 E122.3143
G1 X13.894 Y167.428 E122.35103
G1 X14.664 Y166.302 E122.40548
G1 X15.684 Y165.002 E122.47143
G1 X17.202 Y162.997 E122.5718
G1 X18.699 Y160.903 E122.67454
G1 X20.098 Y158.823 E122.77458
G1 X21.443 Y156.693 E122.87513
G1 X22.746 Y154.495 E122.97711
G1 X23.961 Y152.311 E123.07686
G1 X25.137 Y150.045 E123.17875
G1 X26.23 Y147.786 E123.27892
G1 X27.269 Y145.471 E123.38019
G1 X28.237 Y143.144 E123.48078
G1 X29.158 Y140.743 E123.58342
G1 X29.986 Y138.376 E123.68351
G1 X30.747 Y135.991 E123.78342
G1 X31.449 Y133.558 E123.88449
G1 X32.087 Y131.086 E123.98639
G1 X32.642 Y128.651 E124.08607
G1 X33.141 Y126.148 E124.18793
G1 X33.562 Y123.647 E124.28916
G1 X33.91 Y121.172 E124.38891
G1 X34.19 Y118.658 E124.48987
G1 X34.401 Y116.107 E124.59203
G1 X34.538 Y113.603 E124.69212
G1 X34.605 Y111.085 E124.79266
G1 X34.599 Y108.544 E124.89408
G1 X34.523 Y106.026 E124.99462
G1 X34.375 Y103.499 E125.09565
G1 X34.155 Y100.978 E125.19665
G1 X33.862 Y98.446 E125.29838
G1 X33.507 Y95.986 E125.39758
G1 X33.066 Y93.444 E125.50056
G1 X32.578 Y91.031 E125.59881
G1 X31.998 Y88.541 E125.70086
G1 X31.352 Y86.075 E125.8026
G1 X30.643 Y83.654 E125.90329
G1 X29.859 Y81.235 E126.00478
G1 X29.02 Y78.874 E126.10478
G1 X28.112 Y76.532 E126.20504
G1 X27.129 Y74.192 E126.30634
G1 X26.075 Y71.869 E126.40815
G1 X24.973 Y69.614 E126.50833
G1 X23.789 Y67.358 E126.61001
G1 X22.563 Y65.172 E126.71005
G1 X21.255 Y62.987 E126.81169
G1 X19.904 Y60.868 E126.91199
G1 X18.473 Y58.757 E127.01378
G1 X17.035 Y56.763 E127.1119
G1 X14.626 Y53.65 E127.269
G1 X14.095 Y52.898 E127.30574
G1 X13.631 Y52.103 E127.34248
G1 X13.238 Y51.27 E127.37924
G1 X12.918 Y50.407 E127.41598
G1 X12.674 Y49.519 E127.45274
G1 X12.509 Y48.613 E127.48949
G1 X12.413 Y47.455 E127.53587
G1 X12.404 Y47.13 E127.54884
G1 X12.4 Y46.837 E127.56054
G1 X12.401 Y23.515 E128.49137
G1 X12.411 Y22.85 E128.51792
G1 X12.465 Y21.931 E128.55466
G1 X12.598 Y21.02 E128.5914
G1 X12.81 Y20.124 E128.62815
G1 X13.099 Y19.249 E128.66493
G1 X13.463 Y18.404 E128.70165
G1 X13.898 Y17.593 E128.73838
G1 X14.403 Y16.822 E128.77517
G1 X14.972 Y16.099 E128.81189
G1 X15.602 Y15.427 E128.84866
G0 F6000 X15.366 Y16.256
G1 F360 X15.993 Y15.606 E128.8847
G1 X16.675 Y15.014 E128.92075
G1 X17.407 Y14.485 E128.95679
G1 X18.183 Y14.023 E128.99284
G1 X18.997 Y13.632 E129.02888
G1 X19.842 Y13.313 E129.06493
G1 X20.712 Y13.071 E129.10097
G1 X21.6 Y12.907 E129.13701
G1 X22.723 Y12.813 E129.18199
G1 X23.043 Y12.804 E129.19477
G1 X23.33 Y12.8 E129.20622
G1 X46.46 Y12.8 E130.12939
G1 X47.308 Y12.811 E130.16324
G1 X48.21 Y12.864 E130.1993
G1 X49.103 Y12.996 E130.23533
G1 X49.981 Y13.207 E130.27137
G1 X50.837 Y13.495 E130.30742
G1 X51.664 Y13.857 E130.34345
G1 X52.456 Y14.291 E130.37949
G1 X53.451 Y14.979 E130.42778
G1 X54.64 Y15.911 E130.48807
G1 X54.727 Y15.981 E130.49253
G1 X56.793 Y17.544 E130.59593
G1 X58.839 Y19.007 E130.69632
G1 X60.954 Y20.429 E130.79804
G1 X63.111 Y21.792 E130.89987
G1 X65.285 Y23.081 E131.00075
G1 X67.517 Y24.322 E131.10268
G1 X69.789 Y25.501 E131.20484
G1 X72.041 Y26.591 E131.3047
G1 X74.36 Y27.632 E131.40615
G1 X76.726 Y28.616 E131.50842
G1 X79.119 Y29.534 E131.61072
G1 X81.476 Y30.358 E131.71038
G1 X83.892 Y31.129 E131.81159
G1 X86.336 Y31.835 E131.91313
G1 X88.83 Y32.478 E132.01592
G1 X91.253 Y33.031 E132.11512
G1 X93.811 Y33.54 E132.21922
G1 X96.266 Y33.954 E132.31858
G1 X98.795 Y34.309 E132.42051
G1 X101.301 Y34.588 E132.52115
G1 X103.839 Y34.799 E132.62279
G1 X106.4 Y34.938 E132.72516
G1 X108.905 Y35.005 E132.82518
G1 X111.469 Y34.999 E132.92751
G1 X113.975 Y34.923 E133.02758
G1 X116.558 Y34.772 E133.13085
G1 X119.065 Y34.553 E133.23129
G1 X121.586 Y34.262 E133.33257
G1 X124.073 Y33.903 E133.43286
G1 X126.625 Y33.459 E133.53625
G1 X129.066 Y32.967 E133.63563
G1 X131.579 Y32.382 E133.73862
G1 X134.018 Y31.742 E133.83926
G1 X136.448 Y31.03 E133.94032
G1 X138.863 Y30.248 E134.04164
G1 X141.289 Y29.386 E134.14439
G1 X143.588 Y28.494 E134.24282
G1 X145.994 Y27.484 E134.34696
G1 X148.304 Y26.435 E134.44822
G1 X150.556 Y25.335 E134.54825
G1 X152.845 Y24.134 E134.65142
G1 X155.008 Y22.921 E134.7504
G1 X157.227 Y21.592 E134.85364
G1 X159.349 Y20.24 E134.95406
G1 X161.471 Y18.801 E135.05639
G1 X163.481 Y17.352 E135.15529
G1 X166.594 Y14.943 E135.31239
G1 X167.332 Y14.423 E135.34842
G1 X168.114 Y13.97 E135.38449
G1 X168.932 Y13.587 E135.42054
G1 X169.781 Y13.279 E135.45659
G1 X170.653 Y13.046 E135.49261
G1 X171.543 Y12.892 E135.52866
G1 X172.524 Y12.815 E135.56794
G1 X172.85 Y12.805 E135.58096
G1 X173.163 Y12.8 E135.59345
G1 X196.425 Y12.801 E136.52189
G1 X197.123 Y12.81 E136.54975
G1 X198.024 Y12.861 E136.58577
G1 X198.918 Y12.993 E136.62183
G1 X199.796 Y13.202 E136.65786
G1 X200.653 Y13.489 E136.69393
G1 X201.48 Y13.85 E136.72994
G1 X202.273 Y14.283 E136.766
G1 X203.024 Y14.784 E136.80204
G1 X203.728 Y15.35 E136.83809
G1 X204.379 Y15.976 E136.87414
G1 X204.972 Y16.657 E136.91018
G1 X205.502 Y17.388 E136.94621
G1 X205.966 Y18.163 E136.98227
G1 X206.36 Y18.976 E137.01832
G1 X206.68 Y19.82 E137.05435
G1 X206.924 Y20.69 E137.09041
G1 X207.09 Y21.578 E137.12647
G1 X207.187 Y22.723 E137.17233
G1 X207.196 Y23.044 E137.18515
G1 X207.2 Y23.33 E137.19656
G1 X207.199 Y46.582 E138.1246
G1 X207.189 Y47.304 E138.15342
G1 X207.137 Y48.206 E138.18948
G1 X207.005 Y49.099 E138.22551
G1 X206.794 Y49.977 E138.26155
G1 X206.507 Y50.834 E138.29762
G1 X206.145 Y51.661 E138.33365
G1 X205.711 Y52.453 E138.3697
G1 X205.021 Y53.451 E138.41813
G1 X204.089 Y54.64 E138.47842
G1 X204.019 Y54.727 E138.48288
G1 X202.456 Y56.793 E138.58628
G1 X200.987 Y58.847 E138.68706
G1 X199.565 Y60.962 E138.78878
G1 X198.218 Y63.095 E138.88947
G1 X196.919 Y65.285 E138.9911
G1 X195.678 Y67.517 E139.09303
G1 X194.499 Y69.789 E139.19519
G1 X193.409 Y72.041 E139.29505
G1 X192.368 Y74.36 E139.3965
G1 X191.384 Y76.726 E139.49877
G1 X190.466 Y79.119 E139.60107
G1 X189.642 Y81.476 E139.70073
G1 X188.871 Y83.892 E139.80195
G1 X188.165 Y86.336 E139.90348
G1 X187.522 Y88.83 E140.00627
G1 X186.969 Y91.253 E140.10547
G1 X186.46 Y93.811 E140.20957
G1 X186.046 Y96.266 E140.30893
G1 X185.691 Y98.795 E140.41086
G1 X185.412 Y101.301 E140.5115
G1 X185.201 Y103.839 E140.61315
G1 X185.062 Y106.4 E140.71551
G1 X184.995 Y108.905 E140.81553
G1 X185.001 Y111.469 E140.91786
G1 X185.077 Y113.976 E141.01797
G1 X185.228 Y116.558 E141.1212
G1 X185.447 Y119.065 E141.22164
G1 X185.738 Y121.586 E141.32292
G1 X186.097 Y124.073 E141.42321
G1 X186.541 Y126.625 E141.5266
G1 X187.033 Y129.066 E141.62599
G1 X187.618 Y131.579 E141.72897
G1 X188.257 Y134.015 E141.82948
G1 X188.97 Y136.448 E141.93067
G1 X189.752 Y138.863 E142.03199
G1 X190.614 Y141.289 E142.13474
G1 X191.506 Y143.588 E142.23317
G1 X192.516 Y145.994 E142.33731
G1 X193.565 Y148.304 E142.43857
G1 X194.672 Y150.571 E142.53926
G1 X195.84 Y152.799 E142.63967
G1 X197.096 Y155.037 E142.7421
G1 X198.408 Y157.227 E142.84399
G1 X199.771 Y159.366 E142.94522
G1 X201.191 Y161.461 E143.04623
G1 X202.644 Y163.475 E143.14535
G1 X205.057 Y166.594 E143.30274
G1 X205.577 Y167.332 E143.33878
G1 X206.03 Y168.114 E143.37485
G1 X206.413 Y168.932 E143.4109
G1 X206.721 Y169.781 E143.44694
G1 X206.954 Y170.653 E143.48297
G1 X207.108 Y171.543 E143.51902
G1 X207.185 Y172.524 E143.55829
G1 X207.195 Y172.85 E143.57131
G1 X207.2 Y173.163 E143.5838
G1 X207.199 Y196.39 E144.51084
G1 X207.19 Y197.117 E144.53986
G1 X207.139 Y198.019 E144.57592
G1 X207.008 Y198.913 E144.61198
G1 X206.799 Y199.791 E144.648
G1 X206.513 Y200.648 E144.68406
G1 X206.152 Y201.476 E144.72011
G1 X205.72 Y202.268 E144.75612
G1 X205.219 Y203.02 E144.79219
G1 X204.653 Y203.724 E144.82824
G1 X204.028 Y204.375 E144.86426
G1 X203.347 Y204.969 E144.90032
G1 X202.616 Y205.5 E144.93639
G1 X201.842 Y205.964 E144.9724
G1 X201.029 Y206.358 E145.00846
G1 X200.185 Y206.678 E145.04449
G1 X199.315 Y206.923 E145.08056
G1 X198.428 Y207.089 E145.11658
G1 X197.277 Y207.187 E145.16268
G1 X196.956 Y207.196 E145.1755
G1 X196.67 Y207.2 E145.18692
G1 X173.395 Y207.199 E146.11587
G1 X172.692 Y207.189 E146.14393
G1 X171.79 Y207.136 E146.18
G1 X170.897 Y207.004 E146.21602
G1 X170.019 Y206.793 E146.25207
G1 X169.163 Y206.505 E146.28811
G1 X168.336 Y206.143 E146.32414
G1 X167.544 Y205.709 E146.36019
G1 X166.549 Y205.021 E146.40847
G1 X165.36 Y204.089 E146.46877
G1 X165.273 Y204.019 E146.47322
G1 X163.207 Y202.456 E146.57662
G1 X161.161 Y200.993 E146.67701
G1 X159.046 Y199.571 E146.77873
G1 X156.889 Y198.208 E146.88057
G1 X154.715 Y196.919 E146.98144
G1 X152.483 Y195.678 E147.08337
G1 X150.211 Y194.499 E147.18553
G1 X147.959 Y193.409 E147.28539
G1 X145.64 Y192.368 E147.38684
G1 X143.274 Y191.384 E147.48912
G1 X140.881 Y190.466 E147.59141
G1 X138.524 Y189.642 E147.69107
G1 X136.108 Y188.871 E147.79229
G1 X133.664 Y188.165 E147.89382
G1 X131.17 Y187.522 E147.99662
G1 X128.747 Y186.969 E148.09581
G1 X126.189 Y186.46 E148.19991
G1 X123.734 Y186.046 E148.29928
G1 X121.205 Y185.691 E148.4012
G1 X118.699 Y185.412 E148.50184
G1 X116.161 Y185.201 E148.60349
G1 X113.6 Y185.062 E148.70585
G1 X111.095 Y184.995 E148.80587
G1 X108.531 Y185.001 E148.90821
G1 X106.025 Y185.077 E149.00827
G1 X103.442 Y185.228 E149.11154
G1 X100.935 Y185.447 E149.21198
G1 X98.414 Y185.738 E149.31327
G1 X95.927 Y186.097 E149.41356
G1 X93.375 Y186.541 E149.51694
G1 X90.934 Y187.033 E149.61633
G1 X88.421 Y187.618 E149.71931
G1 X85.982 Y188.258 E149.81995
G1 X83.552 Y188.97 E149.92102
G1 X81.137 Y189.752 E150.02233
G1 X78.711 Y190.614 E150.12509
G1 X76.412 Y191.506 E150.22351
G1 X74.006 Y192.516 E150.32766
G1 X71.696 Y193.565 E150.42892
G1 X69.444 Y194.665 E150.52895
G1 X67.155 Y195.866 E150.63212
G1 X64.992 Y197.079 E150.7311
G1 X62.773 Y198.408 E150.83433
G1 X60.651 Y199.76 E150.93475
G1 X58.529 Y201.199 E151.03708
G1 X56.519 Y202.648 E151.13598
G1 X53.406 Y205.057 E151.29308
G1 X52.668 Y205.577 E151.32912
G1 X51.886 Y206.03 E151.36519
G1 X51.068 Y206.413 E151.40124
G1 X50.219 Y206.721 E151.43728
G1 X49.347 Y206.954 E151.47331
G1 X48.457 Y207.108 E151.50936
G1 X47.476 Y207.185 E151.54863
G1 X47.15 Y207.195 E151.56165
G1 X46.837 Y207.2 E151.57414
G1 X23.575 Y207.199 E152.50258
G1 X22.877 Y207.19 E152.53044
G1 X21.976 Y207.139 E152.56646
G1 X21.082 Y207.007 E152.60253
G1 X20.204 Y206.798 E152.63855
G1 X19.347 Y206.511 E152.67462
G1 X18.52 Y206.15 E152.71064
G1 X17.727 Y205.717 E152.7467
G1 X16.976 Y205.216 E152.78273
G1 X16.272 Y204.65 E152.81878
G1 X15.621 Y204.024 E152.85483
G1 X15.028 Y203.343 E152.89087
G1 X14.498 Y202.612 E152.92691
G1 X14.034 Y201.837 E152.96296
G1 X13.64 Y201.024 E152.99902
G1 X13.32 Y200.18 E153.03504
G1 X13.076 Y199.31 E153.07111
G1 X12.91 Y198.422 E153.10716
G1 X12.813 Y197.267 E153.15342
G1 X12.804 Y196.934 E153.16672
G1 X12.8 Y196.658 E153.17774
G1 X12.801 Y173.395 E154.10621
G1 X12.811 Y172.692 E154.13427
G1 X12.864 Y171.79 E154.17034
G1 X12.996 Y170.897 E154.20637
G1 X13.207 Y170.019 E154.24241
G1 X13.495 Y169.163 E154.27845
G1 X13.857 Y168.336 E154.31448
G1 X14.291 Y167.544 E154.35053
G1 X14.979 Y166.549 E154.39881
G1 X15.911 Y165.36 E154.45911
G1 X15.981 Y165.273 E154.46356
G1 X17.544 Y163.207 E154.56696
G1 X19.013 Y161.153 E154.66775
G1 X20.435 Y159.038 E154.76947
G1 X21.782 Y156.905 E154.87016
G1 X23.081 Y154.715 E154.97178
G1 X24.322 Y152.483 E155.07371
G1 X25.501 Y150.211 E155.17587
G1 X26.591 Y147.959 E155.27573
G1 X27.632 Y145.64 E155.37719
G1 X28.616 Y143.274 E155.47946
G1 X29.534 Y140.881 E155.58176
G1 X30.358 Y138.524 E155.68141
G1 X31.129 Y136.108 E155.78263
G1 X31.835 Y133.664 E155.88416
G1 X32.478 Y131.17 E155.98696
G1 X33.031 Y128.747 E156.08615
G1 X33.54 Y126.189 E156.19025
G1 X33.954 Y123.734 E156.28962
G1 X34.309 Y121.205 E156.39155
G1 X34.588 Y118.699 E156.49218
G1 X34.799 Y116.161 E156.59383
G1 X34.938 Y113.6 E156.6962
G1 X35.005 Y111.095 E156.79621
G1 X34.999 Y108.531 E156.89855
G1 X34.923 Y106.024 E156.99865
G1 X34.772 Y103.442 E157.10188
G1 X34.553 Y100.934 E157.20236
G1 X34.262 Y98.414 E157.30361
G1 X33.899 Y95.898 E157.40507
G1 X33.465 Y93.404 E157.50611
G1 X32.967 Y90.934 E157.60667
G1 X32.389 Y88.455 E157.70827
G1 X31.735 Y85.958 E157.81129
G1 X31.024 Y83.532 E157.91219
G1 X30.245 Y81.125 E158.01316
G1 X29.394 Y78.732 E158.11453
G1 X28.494 Y76.412 E158.21385
G1 X27.485 Y74.008 E158.31791
G1 X26.447 Y71.721 E158.41815
G1 X25.322 Y69.418 E158.52045
G1 X24.134 Y67.155 E158.62246
G1 X22.921 Y64.992 E158.72144
G1 X21.592 Y62.773 E158.82467
G1 X20.24 Y60.651 E158.9251
G1 X18.801 Y58.529 E159.02743
G1 X17.338 Y56.5 E159.12727
G1 X14.943 Y53.405 E159.28346
G1 X14.422 Y52.667 E159.31952
G1 X13.969 Y51.886 E159.35555
G1 X13.586 Y51.068 E159.3916
G1 X13.278 Y50.219 E159.42765
G1 X13.046 Y49.346 E159.4637
G1 X12.891 Y48.456 E159.49976
G1 X12.813 Y47.444 E159.54027
G1 X12.804 Y47.119 E159.55324
G1 X12.8 Y46.837 E159.5645
G1 X12.801 Y23.521 E160.49509
G1 X12.811 Y22.856 E160.52164
G1 X12.865 Y21.954 E160.5577
G1 X12.998 Y21.061 E160.59374
G1 X13.209 Y20.183 E160.62978
G1 X13.498 Y19.327 E160.66584
G1 X13.861 Y18.5 E160.70188
G1 X14.295 Y17.709 E160.73789
G1 X14.798 Y16.958 E160.77397
G1 X15.366 Y16.256 E160.81001
G1 F360 E159.81001
;MESH:Calibration Squares.stl
G0 F6000 X22.335 Y23.314
G0 X23.314 Y23.314
G0 X24.582 Y28.608
G0 X36.26 Y30.016
;TYPE:WALL-INNER
G1 F360 E160.81001
G1 X36.066 Y29.89 E160.81924
G1 X36.011 Y29.854 E160.82187
G1 X35.656 Y29.706 E160.83722
G1 X35.274 Y29.617 E160.85287
G1 X34.908 Y29.59 E160.86752
G1 X32.542 Y29.59 E160.96195
G1 X32.376 Y29.999 E160.97957
G1 X32.307 Y30.17 E160.98693
G1 X32.056 Y30.17 E160.99695
G1 X31.989 Y29.998 E161.00304
G1 X31.829 Y29.59 E161.02053
G1 X30.205 Y29.59 E161.08535
G1 X29.924 Y29.531 E161.09681
G1 X29.519 Y29.528 E161.11297
G1 X29.192 Y29.583 E161.12621
G1 X29.12 Y29.596 E161.12913
G1 X29.042 Y29.624 E161.13244
G1 X29.009 Y29.636 E161.13384
G1 X29.029 Y29.59
G1 X29.009 Y29.59
G1 X27.028 Y29.59 E161.2129
G1 X26.862 Y29.999 E161.23052
G1 X26.793 Y30.17 E161.23788
G1 X26.542 Y30.17 E161.2479
G1 X26.475 Y29.998 E161.25399
G1 X26.315 Y29.59 E161.27149
G1 X24.631 Y29.59 E161.3387
G1 X24.63 Y29.59 E161.33874
G1 X24.328 Y29.59 E161.35079
G1 X24.448 Y29.868 E161.35782
G1 X26.03 Y33.528 E161.51696
G1 X27.316 Y33.528 E161.56829
G1 X27.663 Y32.732 E161.60295
G1 X27.759 Y32.51 E161.6126
G1 X27.811 Y32.391 E161.61779
G1 X27.88 Y32.562 E161.6203
G1 X28.016 Y32.763 E161.62713
G1 X28.105 Y32.894 E161.63346
G1 X28.398 Y33.172 E161.64958
G1 X28.737 Y33.382 E161.66549
G1 X29.118 Y33.522 E161.68169
G1 X29.52 Y33.59 E161.69796
G1 X29.93 Y33.587 E161.71433
G1 X30.247 Y33.527 E161.72721
G1 X30.607 Y33.387 E161.74262
G1 X30.908 Y33.182 E161.75716
G1 X30.964 Y33.128 E161.76026
G1 X31.002 Y33.092 E161.76235
G1 X31.242 Y32.829 E161.77656
G1 X31.3 Y32.963 E161.77722
G1 X31.321 Y33.011 E161.77915
G1 X31.544 Y33.528 E161.80162
G1 X32.83 Y33.528 E161.85295
G1 X32.92 Y33.321 E161.86196
G1 X33.302 Y32.443 E161.90018
G1 X33.302 Y33.4 E161.91967
G1 X33.302 Y33.401 E161.91971
G1 X33.302 Y33.528 E161.92478
G1 X34.822 Y33.528 E161.98545
G1 X35.191 Y33.507 E162.0002
G1 X35.581 Y33.436 E162.01602
G1 X35.954 Y33.308 E162.03176
G1 X36.084 Y33.231 E162.03779
G1 X36.26 Y33.127 E162.04595
G1 X36.26 Y33.308 E162.04811
G1 X36.26 Y33.528 E162.05439
G1 X40.609 Y33.528 E162.22797
G1 X40.634 Y33.458 E162.23094
G1 X40.822 Y32.929 E162.25334
G1 X41.01 Y33.458 E162.26519
G1 X41.035 Y33.528 E162.26815
G1 X43.668 Y33.528 E162.37324
G1 X43.745 Y33.393 E162.37944
G1 X43.913 Y33.096 E162.39306
G1 X44.089 Y33.389 E162.4008
G1 X44.172 Y33.528 E162.40727
G1 X45.585 Y33.528 E162.46366
G1 X45.927 Y32.899 E162.49224
G1 X44.799 Y31.178 E162.57437
G1 X44.799 Y29.59 E162.63775
G1 X42.996 Y29.59 E162.70971
G1 X42.996 Y31.178 E162.77309
G1 X42.966 Y31.224 E162.77528
G1 X42.966 Y31.178
G1 X42.966 Y29.59 E162.78005
G1 X36.26 Y29.59 E163.0477
G1 X36.26 Y29.854 E163.0552
G1 X36.26 Y30.016 E163.05645
G0 F6000 X36.66 Y29.99
;TYPE:WALL-OUTER
G1 F360 X36.66 Y33.128 E163.18169
G1 X38.92 Y33.128 E163.27189
G1 X38.92 Y32.171 E163.31009
G1 X37.663 Y32.171 E163.36026
G1 X37.663 Y32.06 E163.36469
G1 X38.85 Y32.06 E163.41207
G1 X38.85 Y31.104 E163.45022
G1 X37.663 Y31.104 E163.4976
G1 X37.663 Y30.947 E163.50386
G1 X38.99 Y30.947 E163.55683
G1 X38.99 Y29.99 E163.59502
G1 X36.66 Y29.99 E163.68802
G1 F360 E162.68802
G0 F6000 X36.46 Y29.99
G0 X38.818 Y29.862
G0 X39.073 Y29.99
G1 F360 E163.68802
G1 X39.073 Y33.128 E163.81326
G1 X40.327 Y33.128 E163.86331
G1 X40.823 Y31.736 E163.92229
G1 X41.317 Y33.128 E163.98124
G1 X43.435 Y33.128 E164.06578
G1 X43.903 Y32.301 E164.1037
G1 X44.399 Y33.128 E164.14219
G1 X45.347 Y33.128 E164.18003
G1 X45.461 Y32.918 E164.18957
G1 X44.399 Y31.298 E164.26688
G1 X44.399 Y29.99 E164.31908
G1 X43.396 Y29.99 E164.35912
G1 X43.396 Y31.298 E164.41132
G1 X42.566 Y32.564 E164.47174
G1 X42.566 Y29.99 E164.57448
G1 X41.563 Y29.99 E164.61451
G1 X41.563 Y31.102 E164.65889
G1 X41.178 Y29.99 E164.70586
G1 X40.432 Y29.99 E164.73563
G1 X40.076 Y31.058 E164.78056
G1 X40.076 Y29.99 E164.82319
G1 X39.073 Y29.99 E164.86322
G0 F6000 X38.762 Y29.55
G0 X24.752 Y29.869
G0 X26.206 Y33.261
G0 X29.906 Y33.326
G0 X30.485 Y33.154
G0 X30.819 Y32.906
G0 X31.117 Y32.561
G0 X29.714 Y31.316
;TYPE:WALL-INNER
G1 F360 X29.943 Y31.608 E164.87803
G1 X29.742 Y31.804 E164.88924
G1 X29.678 Y31.834 E164.89206
G1 X29.522 Y31.747 E164.89919
G1 X29.48 Y31.473 E164.91025
G1 X29.567 Y31.31 E164.91763
G1 X29.714 Y31.316 E164.9235
G0 F6000 X30.37 Y31.597
G1 F360 X30.626 Y31.405 E164.93627
G1 X30.655 Y31.473
G1 X30.895 Y32.026 E164.96033
G1 X30.43 Y31.646 E164.96923
G1 X30.37 Y31.597
G1 F360 E163.96923
G0 F6000 X31.117 Y32.561
G0 X30.739 Y32.983
G0 X30.175 Y33.277
G0 X29.542 Y33.329
G0 X26.206 Y33.261
G0 X24.752 Y29.869
G0 X29.894 Y29.792
G0 X30.516 Y29.951
G1 F360 E164.96923
G0 F6000 X30.451 Y29.99
;TYPE:WALL-OUTER
G1 F360 X30.5 Y30.134 E164.9753
G1 X30.195 Y29.997 E164.98865
G1 X29.881 Y29.931 E165.00145
G1 X29.551 Y29.928 E165.01462
G1 X29.222 Y29.984 E165.02794
G1 X28.914 Y30.095 E165.04101
G1 X28.646 Y30.259 E165.05355
G1 X28.412 Y30.481 E165.06642
G1 X28.235 Y30.743 E165.07904
G1 X28.11 Y31.055 E165.09246
G1 X28.05 Y31.389 E165.106
G1 X28.05 Y31.728 E165.11953
G1 X28.109 Y32.062 E165.13307
G1 X28.235 Y32.373 E165.14646
G1 X28.412 Y32.634 E165.15905
G1 X28.644 Y32.854 E165.17181
G1 X28.913 Y33.021 E165.18445
G1 X29.221 Y33.134 E165.19754
G1 X29.552 Y33.19 E165.21094
G1 X29.891 Y33.187 E165.22447
G1 X30.137 Y33.141 E165.23446
G1 X30.42 Y33.031 E165.24658
G1 X30.655 Y32.871 E165.25792
G1 X30.715 Y32.813 E165.26126
G1 X30.933 Y32.574 E165.27417
G1 X30.167 Y31.948 E165.31365
G1 X29.971 Y32.139 E165.32457
G1 X29.775 Y32.23 E165.3332
G1 X29.659 Y32.24 E165.33784
G1 X29.403 Y32.18 E165.34834
G1 X29.185 Y31.98 E165.36015
G1 X29.085 Y31.73 E165.37089
G1 X29.079 Y31.407 E165.38379
G1 X29.169 Y31.158 E165.39435
G1 X29.322 Y30.984 E165.4036
G1 X29.523 Y30.89 E165.41246
G1 X29.766 Y30.891 E165.42216
G1 X29.967 Y30.997 E165.43123
G1 X29.998 Y31.03 E165.43303
G1 X30.169 Y31.248 E165.44409
G1 X30.793 Y30.782 E165.47518
G1 X31.807 Y33.128 E165.57718
G1 X32.568 Y33.128 E165.60756
G1 X33.702 Y30.521 E165.72102
G1 X33.702 Y33.128 E165.82507
G1 X34.811 Y33.128 E165.86934
G1 X35.144 Y33.109 E165.88265
G1 X35.48 Y33.048 E165.89628
G1 X35.785 Y32.943 E165.90915
G1 X36.068 Y32.775 E165.92229
G1 X36.303 Y32.55 E165.93527
G1 X36.477 Y32.275 E165.94826
G1 X36.595 Y31.918 E165.96327
G1 X36.627 Y31.551 E165.97797
G1 X36.594 Y31.207 E165.99177
G1 X36.481 Y30.876 E166.00573
G1 X36.311 Y30.607 E166.01843
G1 X36.09 Y30.383 E166.03099
G1 X35.823 Y30.209 E166.0437
G1 X35.533 Y30.088 E166.05625
G1 X35.214 Y30.014 E166.06932
G1 X34.893 Y29.99 E166.08216
G1 X32.812 Y29.99 E166.16522
G1 X32.577 Y30.57 E166.1902
G1 X31.784 Y30.57 E166.22185
G1 X31.556 Y29.99 E166.24672
G1 X30.451 Y29.99 E166.29083
G0 F6000 X30.136 Y29.535
G1 F360 E165.29083
G0 F6000 X24.752 Y29.869
G1 F360 E166.29083
G0 F6000 X24.937 Y29.99
G1 F360 X26.293 Y33.128 E166.42726
G1 X27.054 Y33.128 E166.45764
G1 X28.419 Y29.99 E166.59422
G1 X27.298 Y29.99 E166.63896
G1 X27.063 Y30.57 E166.66393
G1 X26.27 Y30.57 E166.69559
G1 X26.042 Y29.99 E166.72046
G1 X24.937 Y29.99 E166.76456
G0 F6000 X24.754 Y30.068
G0 X23.331 Y37.506
G0 X23.6 Y38.154
;TYPE:WALL-INNER
G1 F360 X23.6 Y38.101 E166.76668
G1 X23.6 Y37.91 E166.7743
G1 X23.6 Y37.849 E166.77673
G1 X23.668 Y37.865 E166.77682
G1 X23.858 Y37.91 E166.78162
G1 X23.858 Y38.101 E166.78655
G1 X23.661 Y38.141 E166.79137
G1 X23.6 Y38.154
G0 F6000 X23.343 Y38.488
G0 X23.6 Y39.567
G1 F360 X23.739 Y39.703 E166.79913
G1 X23.93 Y39.807 E166.80781
G1 X24.046 Y39.87 E166.81308
G1 X24.441 Y39.968 E166.82932
G1 X24.814 Y39.991 E166.84424
G1 X25.193 Y39.938 E166.85951
G1 X25.537 Y39.807 E166.8742
G1 X25.59 Y39.786 E166.87648
G1 X25.59 Y39.943 E166.87889
G1 X27.109 Y39.943 E166.93952
G1 X27.479 Y39.923 E166.9543
G1 X27.869 Y39.852 E166.97013
G1 X28.242 Y39.723 E166.98588
G1 X28.599 Y39.511 E167.00245
G1 X28.903 Y39.222 E167.01919
G1 X29.129 Y38.863 E167.03612
G1 X29.272 Y38.432 E167.05425
G1 X29.277 Y38.415 E167.05495
G1 X29.317 Y37.964 E167.07303
G1 X29.276 Y37.538 E167.09011
G1 X29.272 Y37.524 E167.09069
G1 X29.133 Y37.119 E167.10778
G1 X28.916 Y36.774 E167.12404
G1 X28.632 Y36.487 E167.14016
G1 X28.299 Y36.27 E167.15602
G1 X27.945 Y36.122 E167.17134
G1 X27.562 Y36.032 E167.18704
G1 X27.194 Y36.006 E167.20176
G1 X25.59 Y36.006 E167.26578
G1 X25.59 Y36.121 E167.27037
G1 X25.59 Y36.163 E167.27205
G1 X25.529 Y36.121 E167.27311
G1 X25.014 Y35.975 E167.29447
G1 X24.717 Y35.958 E167.30634
G1 X24.247 Y36.013 E167.32523
G1 X23.926 Y36.151 E167.33918
G1 X23.761 Y36.222 E167.34635
G1 X23.6 Y36.373 E167.35516
G1 X23.6 Y36.222 E167.35573
G1 X23.6 Y36.042 E167.36113
G1 X23.6 Y23.6 E167.85772
G1 X46.567 Y23.6 E168.77438
G1 X46.567 Y36.006 E169.26953
G1 X37.826 Y36.006 E169.6184
G1 X37.753 Y36.125 E169.62398
G1 X37.559 Y36.441 E169.63878
G1 X37.559 Y36.006 E169.64507
G1 X32.106 Y36.006 E169.86271
G1 X32.106 Y37.011 E169.90282
G1 X32.106 Y37.148 E169.90829
G1 X32.106 Y37.226 E169.91141
G1 X31.938 Y37.148 E169.91519
G1 X31.803 Y37.125 E169.91944
G1 X31.574 Y37.084 E169.92872
G1 X31.473 Y37.082 E169.93275
G1 X31.473 Y36.006 E169.9757
G1 X29.67 Y36.006 E170.04766
G1 X29.67 Y37.523 E170.10821
G1 X29.67 Y37.538 E170.1088
G1 X29.67 Y37.964 E170.12472
G1 X29.67 Y38.415 E170.14155
G1 X29.67 Y38.433 E170.14226
G1 X29.67 Y39.943 E170.20253
G1 X31.363 Y39.943 E170.2701
G1 X31.741 Y39.906 E170.28526
G1 X32.072 Y39.817 E170.29894
G1 X32.096 Y39.81 E170.29993
G1 X32.101 Y39.876
G1 X32.107 Y39.943 E170.30147
G1 X33.845 Y39.942 E170.37084
G1 X34.296 Y39.889 E170.38896
G1 X34.55 Y39.797 E170.39974
G1 X34.604 Y39.777 E170.40204
G1 X34.604 Y39.889 E170.40299
G1 X34.604 Y39.943
G1 X37.512 Y39.943 E170.51906
G1 X37.576 Y39.839 E170.52393
G1 X37.747 Y39.559 E170.53703
G1 X37.747 Y39.943 E170.54211
G1 X45.302 Y39.942 E170.84365
G1 X45.754 Y39.888 E170.86181
G1 X46.156 Y39.743 E170.87887
G1 X46.241 Y39.678 E170.88314
G1 X46.535 Y39.453 E170.89792
G1 X46.567 Y39.396 E170.90053
G1 X46.567 Y39.453 E170.90054
G1 X46.567 Y39.824 E170.90925
G1 X46.567 Y46.567 E171.17838
G1 X23.6 Y46.567 E172.09504
G1 X23.6 Y39.921 E172.3603
G1 X23.6 Y39.703 E172.36646
G1 X23.6 Y39.567 E172.36687
G0 F6000 X24 Y40.271
G1 F360 X24.38 Y40.365 E172.38249
G1 X24.39 Y40.365 E172.38289
G1 X24.83 Y40.393 E172.40049
G1 X25.161 Y40.348 E172.41382
G1 X25.19 Y40.343 E172.41499
G1 X27.12 Y40.343 E172.49202
G1 X27.526 Y40.321 E172.50825
G1 X27.971 Y40.24 E172.5263
G1 X28.411 Y40.088 E172.54488
G1 X28.842 Y39.832 E172.56489
G1 X28.925 Y39.753 E172.56947
G1 X29.215 Y39.477 E172.58544
G1 X29.27 Y39.39 E172.58955
G1 X29.27 Y39.477 E172.58964
G1 X29.27 Y39.878 E172.59932
G1 X29.27 Y40.343 E172.61788
G1 X31.383 Y40.343 E172.70221
G1 X31.736 Y40.309 E172.71636
G1 X31.739 Y40.343 E172.71773
G1 X33.869 Y40.342 E172.80274
G1 X34.204 Y40.303 E172.8162
G1 X34.204 Y40.343
G1 X45.326 Y40.342 E173.2601
G1 X45.804 Y40.285 E173.27932
G1 X45.847 Y40.28 E173.28104
G1 X46.167 Y40.164 E173.29463
G1 X46.167 Y40.28
G1 X46.167 Y40.324 E173.29626
G1 X46.167 Y46.167 E173.52946
G1 X24 Y46.167 E174.4142
G1 X24 Y40.375 E174.64537
G1 X24 Y40.365
G1 X24 Y40.271
G0 F6000 X24.4 Y40.767
G1 F360 X24.612 Y40.78 E174.65384
G1 X24.845 Y40.795 E174.66316
G1 X25.216 Y40.743 E174.67812
G1 X27.131 Y40.743 E174.75455
G1 X27.573 Y40.719 E174.77221
G1 X28.073 Y40.628 E174.7925
G1 X28.509 Y40.477 E174.81091
G1 X28.539 Y40.466 E174.81219
G1 X28.58 Y40.453 E174.81391
G1 X28.667 Y40.402 E174.81793
G1 X28.668 Y40.401 E174.81799
G1 X28.87 Y40.281 E174.82737
G1 X28.87 Y40.324 E174.82908
G1 X28.87 Y40.399 E174.83208
G1 X28.87 Y40.453 E174.83423
G1 X28.87 Y40.529 E174.83726
G1 X28.87 Y40.741 E174.84573
G1 X28.87 Y40.743 E174.8458
G1 X28.924 Y40.743 E174.84775
G1 X45.35 Y40.742 E175.50335
G1 X45.545 Y40.719 E175.51119
G1 X45.767 Y40.693 E175.52011
G1 X45.767 Y40.916 E175.52569
G1 X45.767 Y40.917 E175.52573
G1 X45.767 Y45.767 E175.7193
G1 X24.4 Y45.767 E176.5721
G1 X24.4 Y40.979 E176.7632
G1 X24.4 Y40.767 E176.76858
G1 F360 E175.76858
G0 F6000 X23.495 Y38.975
G0 X23.343 Y38.488
G1 F360 E176.76858
G0 F6000 X23.508 Y38.582
;TYPE:WALL-OUTER
G1 F360 X23.622 Y38.919 E176.78278
G1 X23.746 Y39.15 E176.79324
G1 X23.979 Y39.378 E176.80625
G1 X24.192 Y39.494 E176.81594
G1 X24.502 Y39.571 E176.82868
G1 X24.798 Y39.589 E176.84052
G1 X25.093 Y39.548 E176.85241
G1 X25.423 Y39.422 E176.86651
G1 X25.658 Y39.228 E176.87867
G1 X25.813 Y38.954 E176.89123
G1 X25.868 Y38.626 E176.90451
G1 X25.832 Y38.365 E176.91502
G1 X25.71 Y38.116 E176.92609
G1 X25.637 Y38.031 E176.93056
G1 X25.797 Y37.833 E176.94072
G1 X25.904 Y37.526 E176.9537
G1 X25.908 Y37.266 E176.96408
G1 X25.814 Y36.93 E176.978
G1 X25.624 Y36.674 E176.99073
G1 X25.356 Y36.488 E177.00375
G1 X24.947 Y36.372 E177.02071
G1 X24.728 Y36.359 E177.02947
G1 X24.352 Y36.403 E177.04458
G1 X23.983 Y36.562 E177.06062
G1 X23.761 Y36.77 E177.07276
G1 X23.609 Y37.039 E177.08509
G1 X23.492 Y37.413 E177.10073
G1 X24.258 Y37.593 E177.13214
G1 X24.258 Y38.427 E177.16542
G1 X23.508 Y38.582 E177.19599
G0 F6000 X23.468 Y38.387
G0 X24.324 Y38.281
G0 X24.572 Y38.465
G1 F360 X24.877 Y38.517 E177.20834
G1 X24.862 Y38.618 E177.21241
G1 X24.72 Y38.653 E177.21825
G1 X24.612 Y38.577 E177.22352
G1 X24.572 Y38.465 E177.22827
G0 F6000 X24.523 Y37.562
G1 F360 X24.613 Y37.331 E177.23816
G1 X24.763 Y37.294 E177.24433
G1 X24.897 Y37.333 E177.2499
G1 X24.931 Y37.486 E177.25615
G1 X24.837 Y37.547 E177.26063
G1 X24.585 Y37.562 E177.2707
G1 X24.523 Y37.562 E177.27318
G1 F360 E176.27318
G0 F6000 X24.76 Y37.446
G0 X25.12 Y36.297
G0 X25.79 Y36.406
G1 F360 E177.27318
G0 F6000 X25.99 Y36.406
G1 F360 X25.99 Y39.543 E177.39838
G1 X27.098 Y39.543 E177.4426
G1 X27.432 Y39.525 E177.45595
G1 X27.767 Y39.464 E177.46954
G1 X28.073 Y39.358 E177.48247
G1 X28.356 Y39.19 E177.49561
G1 X28.591 Y38.966 E177.50856
G1 X28.765 Y38.691 E177.52155
G1 X28.883 Y38.334 E177.53656
G1 X28.915 Y37.966 E177.5513
G1 X28.882 Y37.623 E177.56505
G1 X28.769 Y37.292 E177.57901
G1 X28.601 Y37.024 E177.59164
G1 X28.378 Y36.799 E177.60428
G1 X28.111 Y36.625 E177.617
G1 X27.821 Y36.504 E177.62954
G1 X27.502 Y36.429 E177.64262
G1 X27.18 Y36.406 E177.65551
G1 X25.99 Y36.406 E177.703
G1 F360 E176.703
G0 F6000 X25.79 Y36.406
G0 X30.07 Y36.206
G1 F360 E177.703
G0 F6000 X30.07 Y36.406
G1 F360 X30.07 Y39.543 E177.82821
G1 X31.343 Y39.543 E177.87901
G1 X31.669 Y39.511 E177.89209
G1 X31.936 Y39.439 E177.90313
G1 X32.216 Y39.268 E177.91622
G1 X32.422 Y39.003 E177.92962
G1 X32.505 Y38.76 E177.93987
G1 X32.506 Y39.543 E177.97112
G1 X33.821 Y39.542 E178.0236
G1 X34.203 Y39.497 E178.03895
G1 X34.505 Y39.388 E178.05177
G1 X34.769 Y39.186 E178.06504
G1 X34.94 Y38.88 E178.07903
G1 X34.992 Y38.634 E178.08906
G1 X34.985 Y38.353 E178.10028
G1 X34.893 Y38.046 E178.11307
G1 X34.69 Y37.776 E178.12655
G1 X34.506 Y37.651 E178.13543
G1 X35.004 Y36.825 E178.17393
G1 X35.004 Y39.543 E178.28241
G1 X36.007 Y39.543 E178.32244
G1 X36.007 Y36.406 E178.44765
G1 X34.058 Y36.406 E178.52543
G1 X33.509 Y37.456 E178.57272
G1 X33.509 Y36.406 E178.61463
G1 X32.506 Y36.406 E178.65466
G1 X32.506 Y38.265 E178.72886
G1 X32.378 Y37.93 E178.74317
G1 X32.155 Y37.689 E178.75628
G1 X31.817 Y37.533 E178.77114
G1 X31.535 Y37.483 E178.78257
G1 X31.073 Y37.473 E178.80101
G1 X31.073 Y36.406 E178.8436
G1 X30.07 Y36.406 E178.88363
G1 F360 E177.88363
G0 F6000 X30.07 Y36.206
G0 X35.835 Y36.278
G0 X36.156 Y36.406
G1 F360 E178.88363
G1 X36.156 Y39.543 E179.00883
G1 X37.288 Y39.543 E179.05401
G1 X38.147 Y38.139 E179.11971
G1 X38.147 Y39.543 E179.17574
G1 X43.81 Y39.543 E179.40177
G1 X43.81 Y38.587 E179.43992
G1 X42.553 Y38.587 E179.49009
G1 X42.553 Y38.476 E179.49452
G1 X43.74 Y38.476 E179.5419
G1 X43.74 Y37.519 E179.58009
G1 X42.553 Y37.519 E179.62747
G1 X42.553 Y37.363 E179.6337
G1 X43.879 Y37.363 E179.68662
G1 X43.879 Y36.406 E179.72482
G1 X41.55 Y36.406 E179.81777
G1 X41.55 Y38.61 E179.90574
G1 X40.84 Y38.61 E179.93408
G1 X40.84 Y36.406 E180.02204
G1 X39.837 Y36.406 E180.06207
G1 X39.837 Y38.61 E180.15004
G1 X39.15 Y38.61 E180.17746
G1 X39.15 Y36.406 E180.26543
G1 X38.05 Y36.406 E180.30933
G1 X37.159 Y37.858 E180.37732
G1 X37.159 Y36.406 E180.43528
G1 X36.156 Y36.406 E180.47531
G0 F6000 X35.845 Y35.966
G0 X46.554 Y36.272
G0 X46.726 Y36.576
G0 X46.485 Y37.559
;TYPE:WALL-INNER
G1 F360 X46.567 Y37.424 E180.48161
G1 X46.567 Y37.559 E180.48195
G1 X46.567 Y37.669 E180.48579
G1 X46.485 Y37.559 E180.48707
G1 F360 E179.48707
G0 F6000 X46.746 Y36.61
G0 X46.554 Y36.272
G0 X44.135 Y36.278
G0 X43.963 Y36.406
;TYPE:WALL-OUTER
G1 F360 E180.48707
G1 X43.963 Y39.543 E180.61227
G1 X45.278 Y39.542 E180.66476
G1 X45.661 Y39.496 E180.68015
G1 X45.962 Y39.388 E180.69292
G1 X46.226 Y39.186 E180.70618
G1 X46.397 Y38.88 E180.72018
G1 X46.449 Y38.635 E180.73017
G1 X46.442 Y38.352 E180.74147
G1 X46.35 Y38.046 E180.75422
G1 X46.147 Y37.776 E180.76771
G1 X45.963 Y37.651 E180.77658
G1 X46.591 Y36.609 E180.82514
G1 X46.476 Y36.406 E180.83445
G1 X45.515 Y36.406 E180.87281
G1 X44.966 Y37.456 E180.9201
G1 X44.966 Y36.406 E180.96201
G1 X43.963 Y36.406 E181.00204
G0 F6000 X43.652 Y35.966
G1 F360 E180.00204
G0 F6000 X43.835 Y37.13
G0 X43.835 Y38.82
G0 X44.135 Y39.671
G0 X45.583 Y40.9
G0 X46.797 Y46.797
G1 F360 E181.00204
G0 F6000 X46.967 Y46.967
G1 F360 X23.2 Y46.967 E181.95063
G1 X23.2 Y23.2 E182.89922
G1 X46.967 Y23.2 E183.84782
G1 X46.967 Y46.967 E184.79641
G0 F6000 X46.797 Y46.797
G0 X46.746 Y36.61
G0 X46.167 Y35.606
;TYPE:WALL-INNER
G1 F360 X29.27 Y35.606 E185.4708
G1 X29.27 Y36.162 E185.493
G1 X29.27 Y36.175 E185.49351
G1 X29.27 Y36.524 E185.50744
G1 X29.27 Y36.586 E185.50992
G1 X29.231 Y36.524
G1 X28.886 Y36.175 E185.5222
G1 X28.876 Y36.168 E185.52268
G1 X28.487 Y35.915 E185.5412
G1 X28.069 Y35.74 E185.55928
G1 X27.622 Y35.635 E185.57761
G1 X27.208 Y35.606 E185.59417
G1 X25.19 Y35.606 E185.67472
G1 X25.081 Y35.578 E185.67921
G1 X24.705 Y35.557 E185.69424
G1 X24.446 Y35.586 E185.70464
G1 X24.286 Y35.606 E185.71108
G1 X24.143 Y35.622 E185.71682
G1 X24 Y35.684 E185.72304
G1 X24 Y35.622
G1 X24 Y35.478 E185.72742
G1 X24 Y30.804 E185.91397
G1 X24 Y30.803 E185.91401
G1 X24 Y29.84 E185.95244
G1 X24.382 Y30.724 E185.97206
G1 X25.767 Y33.928 E186.11137
G1 X27.578 Y33.928 E186.18366
G1 X27.82 Y33.374 E186.20778
G1 X27.83 Y33.35 E186.20882
G1 X27.881 Y33.233 E186.21392
G1 X28.152 Y33.49 E186.22398
G1 X28.175 Y33.504 E186.225
G1 X28.561 Y33.743 E186.24312
G1 X28.599 Y33.756 E186.24472
G1 X28.979 Y33.896 E186.26089
G1 X29.015 Y33.91 E186.26243
G1 X29.488 Y33.99 E186.28158
G1 X29.969 Y33.987 E186.30077
G1 X30.358 Y33.913 E186.31658
G1 X30.794 Y33.743 E186.33526
G1 X31.109 Y33.529 E186.35045
G1 X31.137 Y33.594
G1 X31.281 Y33.928 E186.36497
G1 X34.833 Y33.928 E186.50674
G1 X35.238 Y33.905 E186.52293
G1 X35.682 Y33.824 E186.54094
G1 X35.809 Y33.781 E186.54629
G1 X35.86 Y33.763 E186.54845
G1 X35.86 Y33.824 E186.54857
G1 X35.86 Y33.928 E186.55017
G1 X43.901 Y33.928 E186.8711
G1 X43.911 Y33.91 E186.87192
G1 X43.922 Y33.89 E186.87283
G1 X43.933 Y33.908 E186.87293
G1 X43.945 Y33.928 E186.87311
G1 X45.823 Y33.928 E186.94807
G1 X46.167 Y33.296 E186.97679
G1 X46.167 Y33.928 E186.98715
G1 X46.167 Y35.606 E187.05412
G0 F6000 X45.767 Y35.206
G1 F360 X28.87 Y35.206 E187.72852
G1 X28.87 Y35.407 E187.73654
G1 X28.87 Y35.56 E187.74265
G1 X28.87 Y35.687 E187.74772
G1 X28.675 Y35.56 E187.75217
G1 X28.534 Y35.501 E187.75696
G1 X28.193 Y35.358 E187.77172
G1 X27.682 Y35.238 E187.79267
G1 X27.222 Y35.206 E187.81108
G1 X25.24 Y35.206 E187.89018
G1 X25.143 Y35.181 E187.89418
G1 X24.693 Y35.156 E187.91217
G1 X24.4 Y35.19 E187.92394
G1 X24.4 Y35.156
G1 X24.4 Y32.738 E188.02045
G1 X24.4 Y32.737 E188.02049
G1 X24.4 Y31.774 E188.05892
G1 X24.782 Y32.658 E188.07854
G1 X25.504 Y34.328 E188.15116
G1 X27.84 Y34.328 E188.24439
G1 X27.942 Y34.096 E188.25451
G1 X28.033 Y33.887 E188.2636
G1 X28.227 Y34.006 E188.26926
G1 X28.228 Y34.007 E188.26931
G1 X28.385 Y34.104 E188.27668
G1 X28.422 Y34.117 E188.27824
G1 X28.876 Y34.284 E188.29755
G1 X28.912 Y34.298 E188.29909
G1 X29.456 Y34.39 E188.32111
G1 X30.008 Y34.387 E188.34314
G1 X30.469 Y34.299 E188.36188
G1 X30.928 Y34.12 E188.38154
G1 X31.018 Y34.328 E188.39059
G1 X34.844 Y34.328 E188.54329
G1 X35.285 Y34.303 E188.56092
G1 X35.449 Y34.273 E188.56757
G1 X35.46 Y34.271 E188.56802
G1 X35.46 Y34.303
G1 X35.46 Y34.328
G1 X45.767 Y34.328 E188.97939
G1 X45.767 Y35.206 E189.01444
G0 F6000 X46.167 Y32.535
G1 F360 X45.801 Y31.976 E189.0411
G1 X45.199 Y31.058 E189.08492
G1 X45.199 Y29.19 E189.15948
G1 X35.86 Y29.19 E189.53221
G1 X35.86 Y29.324 E189.53756
G1 X35.86 Y29.358 E189.53892
G1 X35.801 Y29.333
G1 X35.779 Y29.324
G1 X35.334 Y29.22 E189.55716
G1 X34.923 Y29.19 E189.57361
G1 X32.272 Y29.19 E189.67941
G1 X32.249 Y29.248 E189.6819
G1 X32.186 Y29.404 E189.68862
G1 X32.125 Y29.248 E189.69003
G1 X32.102 Y29.19
G1 X30.245 Y29.19 E189.76415
G1 X29.967 Y29.131 E189.77549
G1 X29.487 Y29.128 E189.79465
G1 X29.16 Y29.183 E189.80788
G1 X29.124 Y29.19 E189.80935
G1 X26.758 Y29.19 E189.90378
G1 X26.735 Y29.248 E189.90627
G1 X26.672 Y29.404 E189.91298
G1 X26.611 Y29.248 E189.91439
G1 X26.588 Y29.19
G1 X24 Y29.19 E190.01769
G1 X24 Y24 E190.22483
G1 X46.167 Y24 E191.10956
G1 X46.167 Y31.867 E191.42355
G1 X46.167 Y32.535 E191.43744
G0 F6000 X45.767 Y31.195
G1 F360 X45.599 Y30.938 E191.4497
G1 X45.599 Y28.79 E191.53543
G1 X35.46 Y28.79 E191.9401
G1 X35.46 Y28.823 E191.94142
G1 X35.46 Y28.838 E191.94201
G1 X35.45 Y28.836
G1 X35.394 Y28.823 E191.94302
G1 X34.938 Y28.79 E191.96127
G1 X30.286 Y28.79 E192.14694
G1 X30.01 Y28.731 E192.1582
G1 X29.454 Y28.728 E192.1804
G1 X29.092 Y28.79 E192.19505
G1 X24.4 Y28.79 E192.38232
G1 X24.4 Y24.4 E192.55754
G1 X45.767 Y24.4 E193.41034
G1 X45.767 Y28.79 E193.58555
G1 X45.767 Y30.938 E193.62165
G1 X45.767 Y31.195 E193.6234
G0 F6000 X45.657 Y28.4
G0 X45.377 Y28.4
;TYPE:SKIN
G1 F360 X35.07 Y28.4 E194.03478
G1 X30.33 Y28.4 E194.22396
G1 X30.052 Y28.341 E194.2353
G1 X29.422 Y28.338 E194.26045
G1 X29.061 Y28.4 E194.27507
G1 X24.79 Y28.4 E194.44553
G1 X24.79 Y24.79 E194.58961
G1 X45.377 Y24.79 E195.41129
G1 X45.377 Y28.4 E195.55537
G0 F6000 X45.657 Y28.4
G0 X45.657 Y25.416
G0 X45.215 Y25.416
G1 F360 X44.749 Y24.95 E195.58167
G0 F6000 X44.183 Y24.95
G1 F360 X45.215 Y25.982 E195.63992
G0 F6000 X45.215 Y26.548
G1 F360 X43.617 Y24.95 E195.73012
G0 F6000 X43.052 Y24.95
G1 F360 X45.215 Y27.114 E195.85224
G0 F6000 X45.215 Y27.679
G1 F360 X42.486 Y24.95 E196.00627
G0 F6000 X41.92 Y24.95
G1 F360 X45.21 Y28.239 E196.19195
G0 F6000 X44.644 Y28.239
G1 F360 X41.355 Y24.95 E196.37759
G0 F6000 X40.789 Y24.95
G1 F360 X44.078 Y28.239 E196.56324
G0 F6000 X43.513 Y28.239
G1 F360 X40.223 Y24.95 E196.74891
G0 F6000 X39.658 Y24.95
G1 F360 X42.947 Y28.239 E196.93456
G0 F6000 X42.381 Y28.239
G1 F360 X39.092 Y24.95 E197.1202
G0 F6000 X38.526 Y24.95
G1 F360 X41.816 Y28.239 E197.30588
G0 F6000 X41.25 Y28.239
G1 F360 X37.961 Y24.95 E197.49152
G0 F6000 X37.395 Y24.95
G1 F360 X40.684 Y28.239 E197.67717
G0 F6000 X40.119 Y28.239
G1 F360 X36.829 Y24.95 E197.86284
G0 F6000 X36.263 Y24.95
G1 F360 X39.553 Y28.239 E198.04851
G0 F6000 X38.987 Y28.239
G1 F360 X35.698 Y24.95 E198.23416
G0 F6000 X35.132 Y24.95
G1 F360 X38.422 Y28.239 E198.41983
G0 F6000 X37.856 Y28.239
G1 F360 X34.566 Y24.95 E198.60551
G0 F6000 X34.001 Y24.95
G1 F360 X37.29 Y28.239 E198.79115
G0 F6000 X36.725 Y28.239
G1 F360 X33.435 Y24.95 E198.97683
G0 F6000 X32.869 Y24.95
G1 F360 X36.159 Y28.239 E199.1625
G0 F6000 X35.593 Y28.239
G1 F360 X32.304 Y24.95 E199.34815
G0 F6000 X31.738 Y24.95
G1 F360 X35.027 Y28.239 E199.53379
G0 F6000 X34.462 Y28.239
G1 F360 X31.172 Y24.95 E199.71946
G0 F6000 X30.607 Y24.95
G1 F360 X33.896 Y28.239 E199.90511
G0 F6000 X33.33 Y28.239
G1 F360 X30.041 Y24.95 E200.09075
G0 F6000 X29.475 Y24.95
G1 F360 X32.765 Y28.239 E200.27643
G0 F6000 X32.199 Y28.239
G1 F360 X28.91 Y24.95 E200.46207
G0 F6000 X28.344 Y24.95
G1 F360 X31.633 Y28.239 E200.64772
G0 F6000 X31.068 Y28.239
G1 F360 X27.778 Y24.95 E200.83339
G0 F6000 X27.213 Y24.95
G1 F360 X30.502 Y28.239 E201.01904
G0 F6000 X29.876 Y28.179
G1 F360 X26.647 Y24.95 E201.2013
G0 F6000 X26.081 Y24.95
G1 F360 X29.323 Y28.192 E201.38429
G0 F6000 X28.805 Y28.239
G1 F360 X25.515 Y24.95 E201.56996
G0 F6000 X24.949 Y24.949
G1 F360 X28.239 Y28.239 E201.75566
G0 F6000 X27.674 Y28.239
G1 F360 X24.949 Y25.515 E201.90945
G0 F6000 X24.949 Y26.08
G1 F360 X27.108 Y28.239 E202.03131
G0 F6000 X26.542 Y28.239
G1 F360 X24.949 Y26.646 E202.12123
G0 F6000 X24.949 Y27.212
G1 F360 X25.976 Y28.239 E202.17919
G0 F6000 X25.411 Y28.239
G1 F360 X24.949 Y27.777 E202.20527
G0 F6000 X24.51 Y27.777
G0 X25.046 Y33.548
G0 X24.79 Y33.658
G1 F360 X25.248 Y34.718 E202.25136
G1 X28.095 Y34.718 E202.36499
G1 X28.21 Y34.455 E202.37645
G1 X28.811 Y34.676 E202.402
G1 X29.425 Y34.78 E202.42686
G1 X30.045 Y34.777 E202.4516
G1 X30.578 Y34.675 E202.47326
G1 X30.719 Y34.62 E202.4793
G1 X30.762 Y34.718 E202.48358
G1 X34.855 Y34.718 E202.64694
G1 X45.377 Y34.718 E203.06689
G1 X45.377 Y34.816 E203.0708
G1 X28.48 Y34.816 E203.7452
G1 X28.48 Y35.056 E203.75478
G1 X28.314 Y34.986 E203.76197
G1 X27.74 Y34.852 E203.78549
G1 X27.236 Y34.816 E203.80566
G1 X25.291 Y34.816 E203.88329
G1 X25.203 Y34.793 E203.88692
G1 X24.79 Y34.77 E203.90343
G1 X24.79 Y33.658 E203.94781
G0 F6000 X24.723 Y33.491
;TYPE:SKIN
G1 F360 X24.559 Y33.328 E203.95243
G0 F6000 X24.559 Y33.045
G1 F360 X24.94 Y33.425 E203.96316
G0 F6000 X24.724 Y32.927
G1 F360 X24.559 Y32.762 E203.96782
G0 F6000 X24.59 Y32.692
G0 X23.331 Y37.506
G0 X23.343 Y38.488
G0 X23.605 Y39.161
G0 X25.242 Y40.853
G0 X25.242 Y41.133
;TYPE:SKIN
G1 F360 X27.141 Y41.133 E204.04361
G1 X27.618 Y41.107 E204.06268
G1 X28.172 Y41.006 E204.08516
G1 X28.48 Y40.9 E204.09816
G1 X28.48 Y41.133 E204.10746
G1 X45.377 Y41.132 E204.78185
G1 X45.377 Y45.377 E204.95128
G1 X24.79 Y45.377 E205.77295
G1 X24.79 Y41.183 E205.94034
G1 X24.86 Y41.187 E205.94314
G1 X25.242 Y41.133 E205.95854
G0 F6000 X25.242 Y40.853
G0 X24.583 Y40.962
G0 X24.582 Y45.585
G0 X25.416 Y45.657
G0 X25.416 Y45.215
G1 F360 X24.95 Y44.749 E205.98484
G0 F6000 X24.95 Y44.183
G1 F360 X25.982 Y45.215 E206.04309
G0 F6000 X26.548 Y45.215
G1 F360 X24.95 Y43.617 E206.13329
G0 F6000 X24.95 Y43.052
G1 F360 X27.114 Y45.215 E206.25541
G0 F6000 X27.679 Y45.215
G1 F360 X24.95 Y42.486 E206.40944
G0 F6000 X24.95 Y41.92
G1 F360 X28.245 Y45.215 E206.59543
G0 F6000 X28.811 Y45.215
G1 F360 X24.95 Y41.355 E206.81333
G0 F6000 X25.453 Y41.292
G1 F360 X29.376 Y45.215 E207.03476
G0 F6000 X29.942 Y45.215
G1 F360 X26.018 Y41.292 E207.25622
G0 F6000 X26.584 Y41.292
G1 F360 X30.508 Y45.215 E207.47768
G0 F6000 X31.073 Y45.215
G1 F360 X27.15 Y41.292 E207.69911
G0 F6000 X27.681 Y41.258
G1 F360 X31.639 Y45.215 E207.92249
G0 F6000 X32.205 Y45.215
G1 F360 X28.159 Y41.17 E208.15084
G0 F6000 X28.847 Y41.292
G1 F360 X32.77 Y45.215 E208.37227
G0 F6000 X33.336 Y45.215
G1 F360 X29.412 Y41.292 E208.59373
G0 F6000 X29.978 Y41.292
G1 F360 X33.902 Y45.215 E208.81519
G0 F6000 X34.467 Y45.215
G1 F360 X30.544 Y41.292 E209.03662
G0 F6000 X31.109 Y41.292
G1 F360 X35.033 Y45.215 E209.25808
G0 F6000 X35.599 Y45.215
G1 F360 X31.675 Y41.292 E209.47954
G0 F6000 X32.241 Y41.292
G1 F360 X36.164 Y45.215 E209.70097
G0 F6000 X36.73 Y45.215
G1 F360 X32.806 Y41.292 E209.92243
G0 F6000 X33.372 Y41.292
G1 F360 X37.296 Y45.215 E210.14389
G0 F6000 X37.862 Y45.215
G1 F360 X33.938 Y41.292 E210.36534
G0 F6000 X34.503 Y41.292
G1 F360 X38.427 Y45.215 E210.5868
G0 F6000 X38.993 Y45.215
G1 F360 X35.069 Y41.292 E210.80826
G0 F6000 X35.635 Y41.292
G1 F360 X39.559 Y45.215 E211.02972
G0 F6000 X40.124 Y45.215
G1 F360 X36.201 Y41.292 E211.25115
G0 F6000 X36.766 Y41.292
G1 F360 X40.69 Y45.215 E211.47261
G0 F6000 X41.256 Y45.215
G1 F360 X37.332 Y41.292 E211.69407
G0 F6000 X37.898 Y41.292
G1 F360 X41.821 Y45.215 E211.9155
G0 F6000 X42.387 Y45.215
G1 F360 X38.463 Y41.292 E212.13696
G0 F6000 X39.029 Y41.292
G1 F360 X42.953 Y45.215 E212.35842
G0 F6000 X43.518 Y45.215
G1 F360 X39.595 Y41.292 E212.57985
G0 F6000 X40.16 Y41.292
G1 F360 X44.084 Y45.215 E212.80131
G0 F6000 X44.65 Y45.215
G1 F360 X40.726 Y41.292 E213.02277
G0 F6000 X41.292 Y41.292
G1 F360 X45.216 Y45.216 E213.24426
G0 F6000 X45.216 Y44.65
G1 F360 X41.857 Y41.292 E213.43383
G0 F6000 X42.423 Y41.292
G1 F360 X45.216 Y44.085 E213.59148
G0 F6000 X45.216 Y43.519
G1 F360 X42.989 Y41.292 E213.71718
G0 F6000 X43.554 Y41.292
G1 F360 X45.216 Y42.953 E213.81096
G0 F6000 X45.216 Y42.388
G1 F360 X44.12 Y41.292 E213.87282
G0 F6000 X44.686 Y41.292
G1 F360 X45.216 Y41.822 E213.90274
G0 F6000 X45.657 Y41.822
G0 X46.391 Y39.886
G0 X46.362 Y39.856
;TYPE:SKIN
G1 F360 X46.528 Y39.174 E213.91219
G1 X46.702 Y38.783 E213.91795
G1 X46.693 Y37.925 E213.9295
G1 X46.537 Y37.203 E213.93945
G1 X46.738 Y36.838 E213.94506
G1 X46.711 Y36.246 E213.95304
G0 F6000 X46.631 Y36.166
G0 X45.344 Y36.302
G0 X45.291 Y36.24
G1 F360 X45.204 Y36.436 E213.96084
G0 F6000 X45.247 Y36.488
G0 X46.133 Y33.122
G0 X46.091 Y33.08
G1 F360 X46.213 Y32.919 E213.9691
G1 X46.321 Y32.745 E213.97748
G0 F6000 X45.894 Y31.752
G1 F360 X45.886 Y31.461 E213.98854
G0 F6000 X45.781 Y31.356
G0 X44.527 Y29.862
G0 X43.268 Y29.862
G0 X43.051 Y31.461
G0 X43.033 Y31.436
G1 F360 X42.849 Y31.535 E213.994
G1 X42.793 Y31.762 E214.00012
G0 F6000 X42.827 Y31.802
G0 X42.694 Y29.862
G0 X39.245 Y29.862
G0 X38.945 Y30.714
G0 X38.945 Y32.404
G0 X39.245 Y33.256
G0 X40.421 Y33.26
G0 X40.842 Y32.386
G0 X40.844 Y32.359
G1 F360 X40.849 Y32.646 E214.00233
G1 X40.67 Y32.75 E214.00392
G1 X40.79 Y33.719 E214.01142
G0 F6000 X40.838 Y33.767
G0 X45.585 Y34.51
G0 X45.585 Y35.024
G0 X41.257 Y36.166
G0 X41.315 Y36.224
G1 F360 X41.194 Y36.385 E214.01918
G1 X41.194 Y38.082 E214.08457
G1 X41.138 Y38.309 E214.09358
G0 F6000 X41.263 Y38.41
G0 X40.968 Y36.278
G0 X39.709 Y36.278
G0 X39.637 Y38.247
G0 X39.492 Y38.078
G1 F360 X39.445 Y38.313 E214.10122
G1 X39.492 Y36.664 E214.15383
G1 X39.61 Y36.216 E214.16861
G0 F6000 X39.56 Y36.166
G0 X37.974 Y36.272
G0 X37.6 Y36.758
G0 X37.517 Y36.668
G1 F360 X37.422 Y36.857 E214.17475
G1 X37.369 Y37.086 E214.18158
G0 F6000 X37.359 Y37.05
G0 X37.287 Y36.278
G0 X36.328 Y36.278
G0 X36.328 Y39.671
G0 X37.363 Y39.677
G0 X37.863 Y38.987
G0 X37.905 Y39.037
G1 F360 X37.852 Y39.266 E214.18815
G1 X37.649 Y39.346 E214.19425
G0 F6000 X37.648 Y39.337
G0 X37.363 Y39.677
G0 X34.876 Y39.671
G0 X34.745 Y39.553
G1 F360 X34.672 Y39.48 E214.19631
G0 F6000 X34.686 Y39.5
G0 X33.991 Y39.645
G0 X32.336 Y39.713
G0 X32.243 Y39.597
G1 F360 X31.889 Y40.092 E214.20324
G0 F6000 X31.925 Y40.128
G0 X29.942 Y39.671
G0 X29.494 Y39.111
G0 X29.395 Y39.011
G1 F360 X29.267 Y39.166 E214.20779
G1 X29.43 Y38.764 E214.2176
G0 F6000 X29.366 Y38.7
G0 X29.495 Y37.415
G0 X29.436 Y37.356
G1 F360 X29.323 Y36.959 E214.2289
G1 X29.432 Y36.786 E214.2345
G0 F6000 X29.495 Y36.849
G0 X29.095 Y35.883
G0 X29.05 Y35.838
G1 F360 X28.866 Y35.937 E214.23947
G0 F6000 X28.91 Y35.981
G0 X24.584 Y34.983
G0 X24.602 Y32.75
G0 X25.626 Y33.166
G0 X27.992 Y33.649
G0 X27.956 Y33.613
G1 F360 X27.854 Y32.945 E214.24501
G1 X27.679 Y32.204 E214.25124
G1 X27.865 Y32.107 E214.25296
G1 X27.863 Y31.823 E214.25529
G0 F6000 X27.849 Y31.8
G0 X28.111 Y32.438
G0 X28.304 Y32.724
G0 X28.853 Y33.147
G0 X29.542 Y33.329
G0 X30.175 Y33.277
G0 X30.739 Y32.983
G0 X31.117 Y32.561
G0 X30.161 Y31.776
G0 X29.301 Y31.563
G0 X29.319 Y31.582
G1 F360 X29.336 Y31.316 E214.25733
G1 X29.696 Y31.11 E214.26052
G0 F6000 X29.741 Y31.155
G0 X31.117 Y32.561
G0 X30.739 Y32.983
G0 X30.175 Y33.277
G0 X29.542 Y33.329
G0 X26.206 Y33.261
G0 X24.752 Y29.869
G0 X28.605 Y29.869
G0 X28.816 Y29.948
G1 F360 X28.685 Y29.816 E214.26423
G0 F6000 X26.817 Y29.645
G0 X26.776 Y29.604
G1 F360 X26.626 Y29.737 E214.27267
G0 F6000 X26.735 Y29.846
G0 X24.077 Y29.451
G0 X24.026 Y29.4
G1 F360 X23.895 Y29.551 E214.28237
G0 F6000 X24.015 Y29.672
G0 X24.175 Y30.963
G0 X24.281 Y31.07
G1 F360 X24.344 Y31.415 E214.29486
G1 X24.227 Y31.581 E214.30209
G0 F6000 X24.175 Y31.529
G0 X24.584 Y34.983
G0 X25.3 Y35.765
G0 X25.357 Y35.822
G1 F360 X25.696 Y36.444 E214.30999
G1 X25.796 Y36.262 E214.3123
G0 F6000 X25.778 Y36.244
G0 X24.723 Y36.22
G0 X24.315 Y36.267
G0 X23.604 Y36.645
G0 X23.561 Y36.571
G1 F360 X23.452 Y36.745 E214.31679
G1 X23.391 Y36.968 E214.32185
G0 F6000 X23.408 Y36.985
G0 X23.331 Y37.506
G0 X23.334 Y37.783
G0 X23.4 Y38.941
G0 X23.439 Y38.995
G1 F360 X23.47 Y39.309 E214.32544
G1 X23.886 Y40.008 E214.3347
G0 F6000 X23.947 Y40.069
G0 X25.356 Y40.063
G0 X25.385 Y40.092
G1 F360 X25.665 Y39.525 E214.33874
G0 F6000 X25.639 Y39.503
G0 X28.944 Y39.974
G1 F360 X29.094 Y40.125 E214.34299
G0 F6000 X29.942 Y36.278
G0 X31.201 Y36.278
G0 X31.865 Y36.956
G0 X31.756 Y36.847
G1 F360 X31.789 Y36.597 E214.35177
G1 X31.868 Y35.828 E214.3787
G0 F6000 X31.805 Y35.765
G0 X33.683 Y36.229
G0 X33.771 Y36.317
G1 F360 X33.723 Y36.552 E214.3824
G1 X33.929 Y36.192 E214.38878
G0 F6000 X33.902 Y36.165
G0 X24.584 Y34.983
G0 X24.602 Y32.75
G0 X26.139 Y33.262
G0 X33.127 Y33.692
G1 F360 X33.002 Y33.568 E214.39229
G0 F6000 X33.439 Y32.307
G0 X33.326 Y32.194
G1 F360 X33.412 Y31.998 E214.39864
G1 X33.51 Y31.53 E214.4128
G0 F6000 X33.494 Y31.514
G0 X33.574 Y33.256
G0 X38.748 Y33.256
G0 X38.748 Y32.343
G0 X37.491 Y31.888
G0 X38.978 Y31.888
G0 X38.978 Y31.276
G0 X37.491 Y31.276
G0 X38.818 Y30.775
G0 X38.818 Y29.862
G0 X32.722 Y29.857
G0 X32.206 Y29.943
G0 X32.163 Y29.9
G1 F360 X32.199 Y29.653 E214.42031
G0 F6000 X32.109 Y29.563
G0 X24.752 Y29.869
G0 X26.206 Y33.261
G0 X29.906 Y33.326
G0 X30.485 Y33.154
G0 X30.819 Y32.906
G0 X31.087 Y32.596
G0 X31.009 Y32.14
G0 X31.168 Y32.299
G1 F360 X30.891 Y32.305 E214.42201
G1 X31.191 Y33.171 E214.42765
G1 X31.028 Y33.856 E214.43199
G0 F6000 X31.065 Y33.893
G0 X35.513 Y33.183
G0 X36.259 Y32.867
G0 X36.34 Y32.946
G1 F360 X36.435 Y32.758 E214.44023
G0 F6000 X36.404 Y32.729
G0 X36.532 Y33.256
G0 X38.748 Y33.256
G0 X38.748 Y32.343
G0 X37.491 Y31.888
G0 X38.978 Y31.888
G0 X38.978 Y31.276
G0 X37.491 Y31.276
G0 X38.818 Y30.775
G0 X38.818 Y29.862
G0 X36.532 Y29.862
G0 X36.46 Y30.262
G0 X36.484 Y30.262
G1 F360 X36.364 Y30.141 E214.44363
G0 F6000 X36.515 Y29.89
G0 X41.346 Y29.75
G1 F360 X41.387 Y29.791 E214.44479
G0 F6000 X41.181 Y29.49
G1 F360 E213.44479
G0 F6000 X39.245 Y29.862
G0 X38.945 Y30.714
G0 X38.945 Y32.404
G0 X39.245 Y33.256
G0 X45.585 Y34.51
G0 X45.585 Y35.024
G0 X43.707 Y36.278
G0 X43.849 Y37.662
G0 X43.835 Y38.82
G0 X44.135 Y39.671
G0 X45.583 Y40.9
G0 X46.853 Y46.853
G0 X47.832 Y46.853
G0 X98.231 Y97.252
G0 X98.231 Y98.231
G0 X99.499 Y103.525
G0 X111.177 Y104.933
;TYPE:WALL-INNER
G1 F360 E214.44479
G1 X110.983 Y104.806 E214.45405
G1 X110.927 Y104.77 E214.4567
G1 X110.573 Y104.623 E214.472
G1 X110.19 Y104.533 E214.4877
G1 X109.823 Y104.507 E214.50239
G1 X107.459 Y104.507 E214.59674
G1 X107.293 Y104.916 E214.61436
G1 X107.224 Y105.087 E214.62172
G1 X106.973 Y105.087 E214.63174
G1 X106.905 Y104.915 E214.63784
G1 X106.744 Y104.507 E214.65535
G1 X105.121 Y104.507 E214.72013
G1 X104.841 Y104.447 E214.73156
G1 X104.435 Y104.445 E214.74776
G1 X104.108 Y104.5 E214.76099
G1 X104.037 Y104.513 E214.76388
G1 X103.958 Y104.541 E214.76722
G1 X103.925 Y104.553 E214.76862
G1 X103.945 Y104.507
G1 X103.925 Y104.507
G1 X101.945 Y104.507 E214.84765
G1 X101.779 Y104.916 E214.86527
G1 X101.71 Y105.087 E214.87263
G1 X101.459 Y105.087 E214.88264
G1 X101.392 Y104.915 E214.88874
G1 X101.232 Y104.507 E214.90623
G1 X99.548 Y104.507 E214.97344
G1 X99.547 Y104.507 E214.97348
G1 X99.245 Y104.507 E214.98553
G1 X99.365 Y104.785 E214.99257
G1 X100.947 Y108.444 E215.15167
G1 X102.233 Y108.444 E215.203
G1 X102.579 Y107.65 E215.23757
G1 X102.675 Y107.427 E215.24726
G1 X102.727 Y107.307 E215.25248
G1 X102.796 Y107.479 E215.25499
G1 X102.932 Y107.68 E215.26182
G1 X103.022 Y107.811 E215.26817
G1 X103.313 Y108.088 E215.2842
G1 X103.653 Y108.299 E215.30017
G1 X104.035 Y108.438 E215.3164
G1 X104.437 Y108.507 E215.33268
G1 X104.853 Y108.504 E215.34928
G1 X105.294 Y108.404 E215.36733
G1 X105.691 Y108.204 E215.38507
G1 X105.87 Y108.058 E215.39429
G1 X105.88 Y108.05 E215.3948
G1 X106.159 Y107.745 E215.4113
G1 X106.226 Y107.9 E215.41268
G1 X106.231 Y107.912 E215.41319
G1 X106.461 Y108.444 E215.43633
G1 X107.746 Y108.444 E215.48761
G1 X107.837 Y108.235 E215.49671
G1 X108.219 Y107.358 E215.53489
G1 X108.219 Y108.314 E215.55437
G1 X108.219 Y108.315 E215.55441
G1 X108.219 Y108.444 E215.55956
G1 X109.738 Y108.444 E215.62018
G1 X110.107 Y108.424 E215.63493
G1 X110.497 Y108.353 E215.65075
G1 X110.871 Y108.224 E215.66654
G1 X111 Y108.148 E215.67252
G1 X111.177 Y108.042 E215.68075
G1 X111.177 Y108.224 E215.68289
G1 X111.177 Y108.444 E215.68916
G1 X115.525 Y108.444 E215.8627
G1 X115.55 Y108.374 E215.86566
G1 X115.738 Y107.846 E215.88803
G1 X115.926 Y108.374 E215.89986
G1 X115.951 Y108.444 E215.90282
G1 X118.584 Y108.444 E216.00791
G1 X118.661 Y108.308 E216.01415
G1 X118.662 Y108.307 E216.01421
G1 X118.829 Y108.011 E216.02777
G1 X119.005 Y108.303 E216.0355
G1 X119.09 Y108.444 E216.04207
G1 X120.501 Y108.444 E216.09838
G1 X120.843 Y107.815 E216.12696
G1 X119.716 Y106.094 E216.20906
G1 X119.716 Y104.507 E216.27241
G1 X117.913 Y104.507 E216.34437
G1 X117.913 Y106.094 E216.40771
G1 X117.883 Y106.14 E216.4099
G1 X117.883 Y106.094
G1 X117.883 Y104.507 E216.41466
G1 X111.177 Y104.507 E216.68231
G1 X111.177 Y104.77 E216.68977
G1 X111.177 Y104.933 E216.69105
G0 F6000 X111.577 Y104.907
;TYPE:WALL-OUTER
G1 F360 X111.577 Y108.044 E216.81625
G1 X113.837 Y108.044 E216.90646
G1 X113.837 Y107.087 E216.94465
G1 X112.58 Y107.087 E216.99482
G1 X112.58 Y106.977 E216.99921
G1 X113.767 Y106.977 E217.04659
G1 X113.767 Y106.02 E217.08478
G1 X112.58 Y106.02 E217.13216
G1 X112.58 Y105.863 E217.13843
G1 X113.906 Y105.863 E217.19135
G1 X113.906 Y104.907 E217.2295
G1 X111.577 Y104.907 E217.32246
G1 F360 E216.32246
G0 F6000 X111.377 Y104.907
G0 X113.734 Y104.779
G0 X113.99 Y104.907
G1 F360 E217.32246
G1 X113.99 Y108.044 E217.44766
G1 X115.243 Y108.044 E217.49767
G1 X115.739 Y106.653 E217.55662
G1 X116.233 Y108.044 E217.61553
G1 X118.351 Y108.044 E217.70007
G1 X118.819 Y107.217 E217.73799
G1 X119.316 Y108.044 E217.7765
G1 X120.263 Y108.044 E217.8143
G1 X120.377 Y107.834 E217.82383
G1 X119.316 Y106.214 E217.90113
G1 X119.316 Y104.907 E217.95329
G1 X118.313 Y104.907 E217.99332
G1 X118.313 Y106.214 E218.04549
G1 X117.483 Y107.48 E218.10591
G1 X117.483 Y104.907 E218.2086
G1 X116.48 Y104.907 E218.24863
G1 X116.48 Y106.028 E218.29337
G1 X116.096 Y104.907 E218.34067
G1 X115.349 Y104.907 E218.37048
G1 X114.993 Y105.973 E218.41534
G1 X114.993 Y104.907 E218.45789
G1 X113.99 Y104.907 E218.49792
G0 F6000 X113.679 Y104.467
G0 X99.669 Y104.786
G0 X101.123 Y108.177
G0 X104.823 Y108.243
G0 X105.205 Y108.158
G0 X105.701 Y107.86
G0 X106.033 Y107.478
G0 X104.63 Y106.232
;TYPE:WALL-INNER
G1 F360 X104.853 Y106.528 E218.51271
G1 X104.648 Y106.73 E218.5242
G1 X104.496 Y106.724 E218.53027
G1 X104.412 Y106.617 E218.5357
G1 X104.412 Y106.329 E218.54719
G1 X104.519 Y106.216 E218.5534
G1 X104.63 Y106.232 E218.55788
G0 F6000 X105.286 Y106.514
G1 F360 X105.544 Y106.322 E218.57071
G1 X105.573 Y106.389
G1 X105.813 Y106.945 E218.59488
G1 X105.347 Y106.564 E218.60384
G1 X105.286 Y106.514
G1 F360 E217.60384
G0 F6000 X106.033 Y107.478
G0 X105.549 Y107.983
G0 X105.205 Y108.158
G0 X104.823 Y108.243
G0 X101.123 Y108.177
G0 X99.669 Y104.786
G0 X104.811 Y104.708
G0 X105.424 Y104.87
G1 F360 E218.60384
G0 F6000 X105.367 Y104.907
;TYPE:WALL-OUTER
G1 F360 X105.416 Y105.051 E218.60991
G1 X105.113 Y104.914 E218.62318
G1 X104.798 Y104.847 E218.63603
G1 X104.468 Y104.845 E218.64921
G1 X104.139 Y104.901 E218.66253
G1 X103.831 Y105.012 E218.67559
G1 X103.562 Y105.176 E218.68817
G1 X103.329 Y105.398 E218.70101
G1 X103.152 Y105.66 E218.71363
G1 X103.026 Y105.971 E218.72702
G1 X102.966 Y106.307 E218.74065
G1 X102.966 Y106.645 E218.75414
G1 X103.026 Y106.978 E218.76764
G1 X103.151 Y107.29 E218.78106
G1 X103.329 Y107.551 E218.79367
G1 X103.559 Y107.77 E218.80634
G1 X103.829 Y107.937 E218.81901
G1 X104.138 Y108.05 E218.83214
G1 X104.469 Y108.107 E218.84555
G1 X104.807 Y108.104 E218.85904
G1 X105.158 Y108.025 E218.8734
G1 X105.472 Y107.866 E218.88745
G1 X105.605 Y107.758 E218.89428
G1 X105.849 Y107.491 E218.90872
G1 X105.082 Y106.864 E218.94826
G1 X104.876 Y107.067 E218.9598
G1 X104.691 Y107.147 E218.96785
G1 X104.348 Y107.111 E218.98161
G1 X104.159 Y106.974 E218.99093
G1 X104.029 Y106.755 E219.00109
G1 X103.984 Y106.467 E219.01273
G1 X104.029 Y106.191 E219.02389
G1 X104.157 Y105.977 E219.03384
G1 X104.392 Y105.821 E219.0451
G1 X104.683 Y105.808 E219.05673
G1 X104.882 Y105.912 E219.06569
G1 X104.921 Y105.954 E219.06798
G1 X105.082 Y106.167 E219.07863
G1 X105.71 Y105.699 E219.10989
G1 X106.724 Y108.044 E219.21186
G1 X107.484 Y108.044 E219.24219
G1 X108.619 Y105.436 E219.35572
G1 X108.619 Y108.044 E219.45981
G1 X109.727 Y108.044 E219.50403
G1 X110.06 Y108.026 E219.51734
G1 X110.395 Y107.965 E219.53093
G1 X110.702 Y107.859 E219.54389
G1 X110.985 Y107.691 E219.55703
G1 X111.22 Y107.467 E219.56999
G1 X111.393 Y107.192 E219.58295
G1 X111.511 Y106.835 E219.59796
G1 X111.544 Y106.467 E219.61271
G1 X111.51 Y106.124 E219.62646
G1 X111.397 Y105.793 E219.64042
G1 X111.228 Y105.524 E219.6531
G1 X111.007 Y105.3 E219.66566
G1 X110.739 Y105.125 E219.67844
G1 X110.45 Y105.005 E219.69093
G1 X110.13 Y104.93 E219.70404
G1 X109.809 Y104.907 E219.71689
G1 X107.729 Y104.907 E219.79991
G1 X107.494 Y105.487 E219.82488
G1 X106.701 Y105.487 E219.85653
G1 X106.472 Y104.907 E219.88142
G1 X105.367 Y104.907 E219.92552
G0 F6000 X105.052 Y104.452
G1 F360 E218.92552
G0 F6000 X99.669 Y104.786
G1 F360 E219.92552
G0 F6000 X99.854 Y104.907
G1 F360 X101.21 Y108.044 E220.06192
G1 X101.971 Y108.044 E220.0923
G1 X103.335 Y104.907 E220.22883
G1 X102.215 Y104.907 E220.27353
G1 X101.98 Y105.487 E220.2985
G1 X101.187 Y105.487 E220.33016
G1 X100.959 Y104.907 E220.35503
G1 X99.854 Y104.907 E220.39913
G0 F6000 X99.671 Y104.985
G0 X98.243 Y112.42
G0 X98.517 Y113.071
;TYPE:WALL-INNER
G1 F360 X98.517 Y113.018 E220.40125
G1 X98.517 Y112.826 E220.40891
G1 X98.517 Y112.766 E220.4113
G1 X98.584 Y112.781 E220.41135
G1 X98.775 Y112.826 E220.41616
G1 X98.775 Y113.018 E220.42111
G1 X98.578 Y113.058 E220.42595
G1 X98.517 Y113.071
G0 F6000 X98.277 Y113.4
G0 X98.517 Y114.51
G1 F360 X98.52 Y114.514 E220.42614
G1 X98.821 Y114.701 E220.44029
G1 X98.951 Y114.783 E220.44642
G1 X99.422 Y114.896 E220.46575
G1 X99.919 Y114.894 E220.48559
G1 X100.417 Y114.757 E220.50621
G1 X100.43 Y114.748 E220.50684
G1 X100.507 Y114.696 E220.51055
G1 X100.507 Y114.757
G1 X100.507 Y114.86 E220.51205
G1 X102.026 Y114.86 E220.57268
G1 X102.396 Y114.839 E220.58747
G1 X102.784 Y114.769 E220.60321
G1 X103.159 Y114.64 E220.61903
G1 X103.517 Y114.428 E220.63564
G1 X103.82 Y114.138 E220.65238
G1 X104.047 Y113.779 E220.66933
G1 X104.188 Y113.349 E220.68739
G1 X104.193 Y113.332 E220.6881
G1 X104.234 Y112.882 E220.70614
G1 X104.193 Y112.455 E220.72326
G1 X104.188 Y112.439 E220.72393
G1 X104.048 Y112.035 E220.74099
G1 X103.832 Y111.692 E220.75717
G1 X103.55 Y111.403 E220.77328
G1 X103.214 Y111.186 E220.78925
G1 X102.861 Y111.038 E220.80453
G1 X102.478 Y110.949 E220.82022
G1 X102.113 Y110.922 E220.83483
G1 X100.507 Y110.922 E220.89893
G1 X100.507 Y111.038 E220.90356
G1 X100.507 Y111.08 E220.90523
G1 X100.446 Y111.038 E220.90629
G1 X99.93 Y110.892 E220.92769
G1 X99.634 Y110.875 E220.93953
G1 X99.164 Y110.929 E220.95841
G1 X98.843 Y111.068 E220.97237
G1 X98.676 Y111.139 E220.97961
G1 X98.517 Y111.288 E220.98831
G1 X98.517 Y111.139 E220.98887
G1 X98.517 Y110.957 E220.99432
G1 X98.517 Y98.517 E221.49082
G1 X121.483 Y98.517 E222.40745
G1 X121.483 Y110.922 E222.90256
G1 X112.743 Y110.922 E223.25139
G1 X112.67 Y111.041 E223.25696
G1 X112.476 Y111.355 E223.27169
G1 X112.476 Y110.922 E223.27796
G1 X107.022 Y110.922 E223.49565
G1 X107.022 Y111.927 E223.53576
G1 X107.022 Y112.064 E223.54122
G1 X107.022 Y112.141 E223.5443
G1 X106.855 Y112.064 E223.54804
G1 X106.72 Y112.041 E223.55228
G1 X106.495 Y112.002 E223.5614
G1 X106.39 Y111.996 E223.56559
G1 X106.39 Y110.922 E223.60846
G1 X104.586 Y110.922 E223.68046
G1 X104.586 Y112.438 E223.74097
G1 X104.586 Y112.455 E223.74164
G1 X104.586 Y112.882 E223.75755
G1 X104.586 Y113.332 E223.77432
G1 X104.586 Y113.35 E223.77503
G1 X104.586 Y114.661 E223.82736
G1 X104.586 Y114.86 E223.8353
G1 X104.785 Y114.86 E223.84044
G1 X106.279 Y114.859 E223.90007
G1 X106.661 Y114.822 E223.91539
G1 X106.987 Y114.734 E223.92886
G1 X107.014 Y114.726 E223.92999
G1 X107.018 Y114.8
G1 X107.022 Y114.86 E223.93133
G1 X108.761 Y114.859 E224.00074
G1 X109.212 Y114.805 E224.01887
G1 X109.467 Y114.714 E224.02967
G1 X109.52 Y114.694 E224.03193
G1 X109.52 Y114.805 E224.03284
G1 X109.52 Y114.86
G1 X112.427 Y114.86 E224.14886
G1 X112.492 Y114.755 E224.15379
G1 X112.664 Y114.476 E224.16687
G1 X112.664 Y114.86 E224.17199
G1 X120.218 Y114.859 E224.47348
G1 X120.669 Y114.805 E224.49161
G1 X121.073 Y114.659 E224.50876
G1 X121.156 Y114.595 E224.51294
G1 X121.451 Y114.369 E224.52777
G1 X121.483 Y114.312 E224.53038
G1 X121.483 Y114.369 E224.5304
G1 X121.483 Y114.741 E224.53913
G1 X121.483 Y121.483 E224.80822
G1 X98.517 Y121.483 E225.72484
G1 X98.517 Y114.865 E225.98898
G1 X98.517 Y114.51 E225.99705
G0 F6000 X98.917 Y115.186
G1 F360 X99.163 Y115.245 E226.00715
G1 X99.375 Y115.296 E226.01585
G1 X99.974 Y115.294 E226.03976
G1 X100.107 Y115.26 E226.04524
G1 X102.037 Y115.26 E226.12227
G1 X102.443 Y115.237 E226.1385
G1 X102.885 Y115.157 E226.15642
G1 X103.328 Y115.005 E226.17512
G1 X103.76 Y114.749 E226.19516
G1 X103.841 Y114.672 E226.19962
G1 X104.132 Y114.393 E226.21571
G1 X104.186 Y114.308 E226.21973
G1 X104.186 Y114.393 E226.21981
G1 X104.186 Y114.796 E226.2295
G1 X104.186 Y115.26 E226.24802
G1 X106.298 Y115.259 E226.33232
G1 X106.643 Y115.226 E226.34615
G1 X106.643 Y115.238
G1 X106.645 Y115.26 E226.34703
G1 X108.785 Y115.259 E226.43244
G1 X109.12 Y115.219 E226.44591
G1 X109.12 Y115.26
G1 X120.242 Y115.259 E226.88981
G1 X120.635 Y115.213 E226.9056
G1 X120.719 Y115.202 E226.90898
G1 X120.762 Y115.197 E226.91071
G1 X121.083 Y115.081 E226.92433
G1 X121.083 Y115.197
G1 X121.083 Y115.241 E226.92596
G1 X121.083 Y121.083 E227.15913
G1 X98.917 Y121.083 E228.04382
G1 X98.917 Y115.439 E228.26909
G1 X98.917 Y115.438 E228.26913
G1 X98.917 Y115.186 E228.27523
G0 F6000 X99.317 Y115.693
G1 F360 X99.328 Y115.696 E228.27569
G1 X100.025 Y115.694 E228.30351
G1 X100.159 Y115.66 E228.30903
G1 X102.048 Y115.66 E228.38442
G1 X102.49 Y115.635 E228.40209
G1 X102.986 Y115.545 E228.42221
G1 X103.426 Y115.394 E228.44078
G1 X103.455 Y115.384 E228.442
G1 X103.497 Y115.37 E228.44377
G1 X103.583 Y115.319 E228.44776
G1 X103.786 Y115.199 E228.45717
G1 X103.786 Y115.243 E228.45893
G1 X103.786 Y115.316 E228.46184
G1 X103.786 Y115.37
G1 X103.786 Y115.446 E228.46487
G1 X103.786 Y115.66 E228.47341
G1 X103.84 Y115.66 E228.47536
G1 X120.266 Y115.659 E229.13096
G1 X120.461 Y115.635 E229.1388
G1 X120.683 Y115.609 E229.14772
G1 X120.683 Y115.832 E229.1533
G1 X120.683 Y115.833 E229.15334
G1 X120.683 Y120.683 E229.34691
G1 X99.317 Y120.683 E230.19968
G1 X99.317 Y115.693 E230.39884
G1 F360 E229.39884
G0 F6000 X98.244 Y113.55
G1 F360 E230.39884
G0 F6000 X98.436 Y113.496
;TYPE:WALL-OUTER
G1 F360 X98.507 Y113.748 E230.40929
G1 X98.607 Y113.98 E230.41937
G1 X98.79 Y114.211 E230.43113
G1 X99.108 Y114.409 E230.44609
G1 X99.469 Y114.496 E230.46091
G1 X99.864 Y114.494 E230.47667
G1 X100.248 Y114.389 E230.49256
G1 X100.503 Y114.217 E230.50484
G1 X100.687 Y113.976 E230.51694
G1 X100.779 Y113.652 E230.53038
G1 X100.749 Y113.28 E230.54528
G1 X100.626 Y113.032 E230.55633
G1 X100.555 Y112.946 E230.56078
G1 X100.735 Y112.714 E230.5725
G1 X100.821 Y112.441 E230.58392
G1 X100.825 Y112.183 E230.59422
G1 X100.73 Y111.847 E230.60816
G1 X100.54 Y111.59 E230.62091
G1 X100.273 Y111.405 E230.63388
G1 X99.863 Y111.289 E230.65088
G1 X99.645 Y111.276 E230.6596
G1 X99.268 Y111.32 E230.67475
G1 X98.898 Y111.479 E230.69082
G1 X98.677 Y111.686 E230.70291
G1 X98.526 Y111.956 E230.71525
G1 X98.406 Y112.329 E230.73089
G1 X99.175 Y112.509 E230.76241
G1 X99.175 Y113.345 E230.79578
G1 X98.436 Y113.496 E230.82589
G0 F6000 X98.244 Y113.55
G0 X99.247 Y113.197
G0 X99.49 Y113.381
G1 F360 X99.766 Y113.412 E230.83697
G1 X99.801 Y113.503 E230.84086
G1 X99.696 Y113.569 E230.84581
G1 X99.566 Y113.542 E230.85111
G1 X99.49 Y113.381 E230.85822
G0 F6000 X99.438 Y112.479
G1 F360 X99.531 Y112.248 E230.86816
G1 X99.681 Y112.211 E230.87432
G1 X99.813 Y112.248 E230.87979
G1 X99.846 Y112.407 E230.88627
G1 X99.754 Y112.464 E230.89059
G1 X99.502 Y112.479 E230.90067
G1 X99.438 Y112.479 E230.90322
G1 F360 E229.90322
G0 F6000 X99.681 Y112.363
G0 X100.032 Y111.212
G0 X100.707 Y111.322
G1 F360 E230.90322
G0 F6000 X100.907 Y111.322
G1 F360 X100.907 Y114.46 E231.02847
G1 X102.015 Y114.46 E231.07269
G1 X102.349 Y114.441 E231.08604
G1 X102.683 Y114.381 E231.09959
G1 X102.99 Y114.275 E231.11255
G1 X103.274 Y114.107 E231.12572
G1 X103.508 Y113.883 E231.13865
G1 X103.682 Y113.607 E231.15167
G1 X103.799 Y113.251 E231.16663
G1 X103.832 Y112.883 E231.18137
G1 X103.799 Y112.54 E231.19513
G1 X103.685 Y112.209 E231.2091
G1 X103.516 Y111.941 E231.22175
G1 X103.295 Y111.714 E231.23439
G1 X103.027 Y111.541 E231.24712
G1 X102.738 Y111.42 E231.25963
G1 X102.418 Y111.346 E231.27274
G1 X102.098 Y111.322 E231.28554
G1 X100.907 Y111.322 E231.33308
G1 F360 E230.33308
G0 F6000 X100.707 Y111.322
G0 X104.986 Y111.122
G1 F360 E231.33308
G0 F6000 X104.986 Y111.322
G1 F360 X104.986 Y114.46 E231.45832
G1 X106.259 Y114.459 E231.50913
G1 X106.589 Y114.427 E231.52236
G1 X106.854 Y114.355 E231.53332
G1 X107.133 Y114.185 E231.54636
G1 X107.338 Y113.92 E231.55974
G1 X107.422 Y113.676 E231.57004
G1 X107.422 Y114.46 E231.60133
G1 X108.737 Y114.459 E231.65381
G1 X109.119 Y114.413 E231.66917
G1 X109.422 Y114.304 E231.68202
G1 X109.685 Y114.102 E231.69526
G1 X109.857 Y113.795 E231.7093
G1 X109.908 Y113.55 E231.71929
G1 X109.903 Y113.269 E231.73051
G1 X109.81 Y112.962 E231.74331
G1 X109.606 Y112.693 E231.75678
G1 X109.423 Y112.568 E231.76563
G1 X109.92 Y111.743 E231.80407
G1 X109.92 Y114.46 E231.91251
G1 X110.923 Y114.46 E231.95254
G1 X110.923 Y111.322 E232.07779
G1 X108.975 Y111.322 E232.15554
G1 X108.426 Y112.371 E232.20279
G1 X108.426 Y111.322 E232.24466
G1 X107.422 Y111.322 E232.28473
G1 X107.422 Y113.178 E232.35881
G1 X107.294 Y112.846 E232.37301
G1 X107.07 Y112.604 E232.38617
G1 X106.735 Y112.449 E232.4009
G1 X106.45 Y112.4 E232.41244
G1 X106.287 Y112.391 E232.41896
G1 X105.99 Y112.39 E232.43081
G1 X105.99 Y111.322 E232.47344
G1 X104.986 Y111.322 E232.51351
G1 F360 E231.51351
G0 F6000 X104.986 Y111.122
G0 X110.751 Y111.194
G0 X111.073 Y111.322
G1 F360 E232.51351
G1 X111.073 Y114.46 E232.63876
G1 X112.204 Y114.46 E232.6839
G1 X113.064 Y113.064 E232.74934
G1 X113.064 Y114.46 E232.80506
G1 X118.726 Y114.46 E233.03104
G1 X118.726 Y113.503 E233.06923
G1 X117.47 Y113.503 E233.11936
G1 X117.47 Y113.393 E233.12375
G1 X118.657 Y113.393 E233.17113
G1 X118.657 Y112.436 E233.20933
G1 X117.47 Y112.436 E233.2567
G1 X117.47 Y112.279 E233.26297
G1 X118.796 Y112.279 E233.31589
G1 X118.796 Y111.322 E233.35409
G1 X116.467 Y111.322 E233.44704
G1 X116.467 Y113.526 E233.53501
G1 X115.757 Y113.526 E233.56335
G1 X115.757 Y111.322 E233.65131
G1 X114.754 Y111.322 E233.69135
G1 X114.754 Y113.526 E233.77931
G1 X114.067 Y113.526 E233.80673
G1 X114.067 Y111.322 E233.8947
G1 X112.966 Y111.322 E233.93864
G1 X112.076 Y112.766 E234.00634
G1 X112.076 Y111.322 E234.06398
G1 X111.073 Y111.322 E234.10401
G0 F6000 X110.762 Y110.882
G0 X121.471 Y111.188
G0 X121.643 Y111.493
G0 X121.402 Y112.477
;TYPE:WALL-INNER
G1 F360 X121.483 Y112.342 E234.11029
G1 X121.483 Y112.477 E234.11064
G1 X121.483 Y112.585 E234.11441
G1 X121.402 Y112.477 E234.11567
G1 F360 E233.11567
G0 F6000 X121.663 Y111.527
G0 X121.471 Y111.188
G0 X119.051 Y111.194
G0 X118.879 Y111.322
;TYPE:WALL-OUTER
G1 F360 E234.11567
G1 X118.879 Y114.46 E234.24092
G1 X120.194 Y114.459 E234.2934
G1 X120.576 Y114.413 E234.30876
G1 X120.879 Y114.304 E234.32161
G1 X121.142 Y114.102 E234.33485
G1 X121.314 Y113.795 E234.34889
G1 X121.365 Y113.55 E234.35888
G1 X121.36 Y113.269 E234.3701
G1 X121.267 Y112.962 E234.3829
G1 X121.063 Y112.693 E234.39637
G1 X120.88 Y112.568 E234.40522
G1 X121.508 Y111.525 E234.45381
G1 X121.393 Y111.322 E234.46312
G1 X120.432 Y111.322 E234.50148
G1 X119.883 Y112.371 E234.54873
G1 X119.883 Y111.322 E234.5906
G1 X118.879 Y111.322 E234.63067
G0 F6000 X118.568 Y110.882
G1 F360 E233.63067
G0 F6000 X118.751 Y112.046
G0 X118.751 Y113.736
G0 X119.051 Y114.588
G0 X120.499 Y115.817
G0 X121.713 Y121.713
G1 F360 E234.63067
G0 F6000 X121.883 Y121.883
G1 F360 X98.117 Y121.883 E235.57923
G1 X98.117 Y98.117 E236.52778
G1 X121.883 Y98.117 E237.47633
G1 X121.883 Y121.883 E238.42488
G0 F6000 X121.713 Y121.713
G0 X121.663 Y111.527
G0 X121.083 Y110.522
;TYPE:WALL-INNER
G1 F360 X104.186 Y110.522 E239.09928
G1 X104.186 Y111.075 E239.12135
G1 X104.186 Y111.091 E239.12199
G1 X104.186 Y111.443 E239.13604
G1 X104.186 Y111.503 E239.13843
G1 X104.148 Y111.443
G1 X103.805 Y111.091 E239.15062
G1 X103.792 Y111.083 E239.15122
G1 X103.401 Y110.831 E239.16978
G1 X102.984 Y110.656 E239.18783
G1 X102.538 Y110.552 E239.20611
G1 X102.128 Y110.522 E239.22252
G1 X100.107 Y110.522 E239.30318
G1 X99.997 Y110.495 E239.3077
G1 X99.623 Y110.474 E239.32265
G1 X99.202 Y110.522 E239.33957
G1 X99.06 Y110.538 E239.34527
G1 X98.917 Y110.6 E239.35149
G1 X98.917 Y110.538
G1 X98.917 Y110.395 E239.35583
G1 X98.917 Y105.721 E239.54238
G1 X98.917 Y105.72 E239.54242
G1 X98.917 Y104.757 E239.58086
G1 X99.299 Y105.641 E239.60048
G1 X100.684 Y108.844 E239.73975
G1 X102.495 Y108.844 E239.81203
G1 X102.734 Y108.292 E239.83604
G1 X102.745 Y108.267 E239.83713
G1 X102.797 Y108.149 E239.84228
G1 X103.067 Y108.406 E239.8523
G1 X103.09 Y108.42 E239.85332
G1 X103.477 Y108.661 E239.87152
G1 X103.932 Y108.826 E239.89083
G1 X104.404 Y108.907 E239.90995
G1 X104.899 Y108.904 E239.9297
G1 X105.43 Y108.783 E239.95144
G1 X105.791 Y108.602 E239.96756
G1 X105.91 Y108.542 E239.97288
G1 X106.026 Y108.447 E239.97886
G1 X106.042 Y108.484
G1 X106.095 Y108.607 E239.98296
G1 X106.198 Y108.844 E239.99328
G1 X109.749 Y108.844 E240.135
G1 X110.154 Y108.822 E240.15119
G1 X110.599 Y108.741 E240.16924
G1 X110.726 Y108.698 E240.1746
G1 X110.777 Y108.68 E240.17675
G1 X110.777 Y108.741 E240.17687
G1 X110.777 Y108.844 E240.17844
G1 X118.817 Y108.844 E240.49933
G1 X118.828 Y108.824 E240.50024
G1 X118.84 Y108.804 E240.50117
G1 X118.851 Y108.823 E240.50126
G1 X118.864 Y108.844 E240.50147
G1 X120.739 Y108.844 E240.5763
G1 X121.083 Y108.212 E240.60502
G1 X121.083 Y108.844 E240.61538
G1 X121.083 Y110.522 E240.68236
G0 F6000 X120.683 Y110.122
G1 F360 X103.786 Y110.122 E241.35675
G1 X103.786 Y110.325 E241.36485
G1 X103.786 Y110.476 E241.37088
G1 X103.786 Y110.603 E241.37595
G1 X103.588 Y110.476 E241.3805
G1 X103.449 Y110.418 E241.38525
G1 X103.108 Y110.274 E241.40002
G1 X102.598 Y110.155 E241.42092
G1 X102.143 Y110.122 E241.43913
G1 X100.153 Y110.122 E241.51856
G1 X100.093 Y110.108 E241.52101
G1 X100.056 Y110.098 E241.52254
G1 X99.612 Y110.073 E241.54029
G1 X99.317 Y110.106 E241.55214
G1 X99.317 Y110.073
G1 X99.317 Y107.654 E241.64869
G1 X99.317 Y107.653 E241.64873
G1 X99.317 Y106.69 E241.68716
G1 X99.699 Y107.574 E241.70678
G1 X100.421 Y109.244 E241.7794
G1 X102.757 Y109.244 E241.87263
G1 X102.857 Y109.015 E241.8826
G1 X102.858 Y109.014 E241.88266
G1 X102.949 Y108.803 E241.89183
G1 X103.144 Y108.925 E241.89754
G1 X103.301 Y109.023 E241.90493
G1 X103.829 Y109.214 E241.92734
G1 X104.371 Y109.307 E241.94929
G1 X104.945 Y109.304 E241.9722
G1 X105.566 Y109.162 E241.99762
G1 X105.828 Y109.031 E242.00931
G1 X105.84 Y109.025 E242.00985
G1 X105.846 Y109.04
G1 X105.935 Y109.244 E242.01569
G1 X109.76 Y109.244 E242.16835
G1 X110.201 Y109.22 E242.18598
G1 X110.367 Y109.19 E242.19271
G1 X110.377 Y109.188 E242.19312
G1 X110.377 Y109.22
G1 X110.377 Y109.244
G1 X120.683 Y109.244 E242.60445
G1 X120.683 Y110.122 E242.6395
G0 F6000 X121.083 Y107.451
G1 F360 X120.718 Y106.892 E242.66614
G1 X120.116 Y105.974 E242.70996
G1 X120.116 Y104.107 E242.78447
G1 X110.777 Y104.107 E243.15721
G1 X110.777 Y104.241 E243.16256
G1 X110.777 Y104.275 E243.16392
G1 X110.718 Y104.25
G1 X110.696 Y104.241
G1 X110.25 Y104.136 E243.18221
G1 X109.837 Y104.107 E243.19873
G1 X107.189 Y104.107 E243.30442
G1 X107.165 Y104.167 E243.307
G1 X107.101 Y104.323 E243.31373
G1 X107.04 Y104.166 E243.31517
G1 X107.016 Y104.107
G1 X105.163 Y104.107 E243.38913
G1 X104.884 Y104.047 E243.40052
G1 X104.402 Y104.045 E243.41975
G1 X104.04 Y104.107 E243.43441
G1 X101.675 Y104.107 E243.5288
G1 X101.652 Y104.165 E243.5313
G1 X101.589 Y104.321 E243.53801
G1 X101.528 Y104.165 E243.53942
G1 X101.505 Y104.107
G1 X98.917 Y104.107 E243.64271
G1 X98.917 Y98.917 E243.84986
G1 X121.083 Y98.917 E244.73455
G1 X121.083 Y106.783 E245.0485
G1 X121.083 Y106.784 E245.04854
G1 X121.083 Y107.451 E245.0624
G0 F6000 X120.683 Y106.109
G1 F360 X120.516 Y105.854 E245.07456
G1 X120.516 Y103.707 E245.16026
G1 X110.377 Y103.707 E245.56493
G1 X110.377 Y103.739 E245.5662
G1 X110.377 Y103.755 E245.56684
G1 X110.367 Y103.753
G1 X110.31 Y103.739 E245.56788
G1 X109.851 Y103.707 E245.58624
G1 X105.205 Y103.707 E245.77167
G1 X104.927 Y103.647 E245.78303
G1 X104.369 Y103.645 E245.8053
G1 X104.007 Y103.707 E245.81995
G1 X99.317 Y103.707 E246.00714
G1 X99.317 Y99.317 E246.18236
G1 X120.683 Y99.317 E247.03512
G1 X120.683 Y103.707 E247.21034
G1 X120.683 Y105.854 E247.2462
G1 X120.683 Y106.109 E247.24792
G0 F6000 X120.573 Y103.317
G0 X120.293 Y103.317
;TYPE:SKIN
G1 F360 X109.987 Y103.317 E247.65926
G1 X105.247 Y103.317 E247.84844
G1 X104.97 Y103.257 E247.85975
G1 X104.336 Y103.255 E247.88506
G1 X103.975 Y103.317 E247.89967
G1 X99.707 Y103.317 E248.07002
G1 X99.707 Y99.707 E248.2141
G1 X120.293 Y99.707 E249.03573
G1 X120.293 Y103.317 E249.17982
G0 F6000 X120.573 Y103.317
G0 X120.573 Y100.333
G0 X120.132 Y100.333
G1 F360 X119.665 Y99.866 E249.20618
G0 F6000 X119.1 Y99.866
G1 F360 X120.132 Y100.899 E249.26446
G0 F6000 X120.132 Y101.464
G1 F360 X118.534 Y99.866 E249.35465
G0 F6000 X117.968 Y99.866
G1 F360 X120.132 Y102.03 E249.4768
G0 F6000 X120.132 Y102.596
G1 F360 X117.403 Y99.866 E249.63086
G0 F6000 X116.837 Y99.866
G1 F360 X120.127 Y103.156 E249.81657
G0 F6000 X119.561 Y103.156
G1 F360 X116.271 Y99.866 E250.00227
G0 F6000 X115.706 Y99.866
G1 F360 X118.996 Y103.156 E250.18797
G0 F6000 X118.43 Y103.156
G1 F360 X115.14 Y99.866 E250.37367
G0 F6000 X114.574 Y99.866
G1 F360 X117.864 Y103.156 E250.55937
G0 F6000 X117.299 Y103.156
G1 F360 X114.008 Y99.866 E250.7451
G0 F6000 X113.443 Y99.866
G1 F360 X116.733 Y103.156 E250.9308
G0 F6000 X116.167 Y103.156
G1 F360 X112.877 Y99.866 E251.11651
G0 F6000 X112.311 Y99.866
G1 F360 X115.602 Y103.156 E251.30224
G0 F6000 X115.036 Y103.156
G1 F360 X111.746 Y99.866 E251.48794
G0 F6000 X111.18 Y99.866
G1 F360 X114.47 Y103.156 E251.67364
G0 F6000 X113.905 Y103.156
G1 F360 X110.614 Y99.866 E251.85937
G0 F6000 X110.049 Y99.866
G1 F360 X113.339 Y103.156 E252.04507
G0 F6000 X112.773 Y103.156
G1 F360 X109.483 Y99.866 E252.23077
G0 F6000 X108.917 Y99.866
G1 F360 X112.207 Y103.156 E252.41648
G0 F6000 X111.642 Y103.156
G1 F360 X108.352 Y99.866 E252.60218
G0 F6000 X107.786 Y99.866
G1 F360 X111.076 Y103.156 E252.78788
G0 F6000 X110.51 Y103.156
G1 F360 X107.22 Y99.866 E252.97358
G0 F6000 X106.655 Y99.866
G1 F360 X109.945 Y103.156 E253.15928
G0 F6000 X109.379 Y103.156
G1 F360 X106.089 Y99.866 E253.34498
G0 F6000 X105.523 Y99.866
G1 F360 X108.813 Y103.156 E253.53069
G0 F6000 X108.248 Y103.156
G1 F360 X104.957 Y99.866 E253.71642
G0 F6000 X104.392 Y99.866
G1 F360 X107.682 Y103.156 E253.90212
G0 F6000 X107.116 Y103.156
G1 F360 X103.826 Y99.866 E254.08782
G0 F6000 X103.26 Y99.866
G1 F360 X106.551 Y103.156 E254.27355
G0 F6000 X105.985 Y103.156
G1 F360 X102.695 Y99.866 E254.45925
G0 F6000 X102.129 Y99.866
G1 F360 X105.419 Y103.156 E254.64495
G0 F6000 X104.793 Y103.096
G1 F360 X101.563 Y99.866 E254.82727
G0 F6000 X100.998 Y99.866
G1 F360 X104.239 Y103.108 E255.01023
G0 F6000 X103.721 Y103.156
G1 F360 X100.432 Y99.866 E255.19591
G0 F6000 X99.866 Y99.866
G1 F360 X103.156 Y103.156 E255.38161
G0 F6000 X102.59 Y103.156
G1 F360 X99.866 Y100.432 E255.53536
G0 F6000 X99.866 Y100.998
G1 F360 X102.024 Y103.156 E255.65717
G0 F6000 X101.459 Y103.156
G1 F360 X99.866 Y101.563 E255.74709
G0 F6000 X99.866 Y102.129
G1 F360 X100.893 Y103.156 E255.80505
G0 F6000 X100.327 Y103.156
G1 F360 X99.866 Y102.695 E255.83107
G0 F6000 X99.427 Y102.695
G0 X99.963 Y108.464
G0 X99.707 Y108.574
G1 F360 X100.165 Y109.634 E255.87716
G1 X103.013 Y109.634 E255.99083
G1 X103.126 Y109.373 E256.00218
G1 X103.13 Y109.376 E256.00238
G1 X103.729 Y109.592 E256.0278
G1 X104.338 Y109.697 E256.05246
G1 X104.99 Y109.694 E256.07849
G1 X105.641 Y109.545 E256.10514
G1 X105.679 Y109.634 E256.109
G1 X109.77 Y109.634 E256.27228
G1 X120.293 Y109.634 E256.69228
G1 X120.293 Y109.732 E256.69619
G1 X103.396 Y109.732 E257.37059
G1 X103.396 Y109.972 E257.38016
G1 X103.229 Y109.902 E257.38739
G1 X102.657 Y109.769 E257.41083
G1 X102.157 Y109.732 E257.43084
G1 X100.201 Y109.732 E257.50891
G1 X100.115 Y109.71 E257.51245
G1 X99.707 Y109.687 E257.52876
G1 X99.707 Y108.574 E257.57318
G0 F6000 X99.639 Y108.407
;TYPE:SKIN
G1 F360 X99.477 Y108.245 E257.57776
G0 F6000 X99.477 Y107.962
G1 F360 X99.859 Y108.344 E257.58854
G0 F6000 X99.642 Y107.845
G1 F360 X99.477 Y107.679 E257.59321
G0 F6000 X99.507 Y107.608
G0 X98.243 Y112.42
G0 X98.277 Y113.4
G0 X98.486 Y114.053
G0 X100.207 Y115.77
G0 X100.207 Y116.05
;TYPE:SKIN
G1 F360 X102.059 Y116.05 E257.66713
G1 X102.536 Y116.023 E257.68619
G1 X103.085 Y115.923 E257.70847
G1 X103.396 Y115.817 E257.72158
G1 X103.396 Y116.05 E257.73088
G1 X120.293 Y116.049 E258.40528
G1 X120.293 Y120.293 E258.57466
G1 X99.707 Y120.293 E259.3963
G1 X99.707 Y116.085 E259.56425
G1 X100.074 Y116.084 E259.57889
G1 X100.207 Y116.05 E259.58437
G0 F6000 X100.207 Y115.77
G0 X99.499 Y115.877
G0 X99.499 Y120.501
G0 X100.333 Y120.573
G0 X100.333 Y120.132
G1 F360 X99.866 Y119.665 E259.61073
G0 F6000 X99.866 Y119.1
G1 F360 X100.899 Y120.132 E259.66901
G0 F6000 X101.464 Y120.132
G1 F360 X99.866 Y118.534 E259.75921
G0 F6000 X99.866 Y117.968
G1 F360 X102.03 Y120.132 E259.88135
G0 F6000 X102.596 Y120.132
G1 F360 X99.866 Y117.403 E260.03542
G0 F6000 X99.866 Y116.837
G1 F360 X103.161 Y120.132 E260.2214
G0 F6000 X103.727 Y120.132
G1 F360 X99.866 Y116.271 E260.43933
G0 F6000 X100.37 Y116.209
G1 F360 X104.293 Y120.132 E260.66077
G0 F6000 X104.858 Y120.132
G1 F360 X100.935 Y116.209 E260.8822
G0 F6000 X101.501 Y116.209
G1 F360 X105.424 Y120.132 E261.10363
G0 F6000 X105.99 Y120.132
G1 F360 X102.067 Y116.209 E261.32506
G0 F6000 X102.597 Y116.174
G1 F360 X106.556 Y120.132 E261.54849
G0 F6000 X107.121 Y120.132
G1 F360 X103.076 Y116.087 E261.77681
G0 F6000 X103.764 Y116.209
G1 F360 X107.687 Y120.132 E261.99824
G0 F6000 X108.253 Y120.132
G1 F360 X104.33 Y116.209 E262.21967
G0 F6000 X104.895 Y116.209
G1 F360 X108.818 Y120.132 E262.4411
G0 F6000 X109.384 Y120.132
G1 F360 X105.461 Y116.209 E262.66254
G0 F6000 X106.027 Y116.209
G1 F360 X109.95 Y120.132 E262.88397
G0 F6000 X110.515 Y120.132
G1 F360 X106.592 Y116.209 E263.1054
G0 F6000 X107.158 Y116.209
G1 F360 X111.081 Y120.132 E263.32683
G0 F6000 X111.647 Y120.132
G1 F360 X107.724 Y116.209 E263.54826
G0 F6000 X108.289 Y116.209
G1 F360 X112.212 Y120.132 E263.76969
G0 F6000 X112.778 Y120.132
G1 F360 X108.855 Y116.209 E263.99112
G0 F6000 X109.421 Y116.209
G1 F360 X113.344 Y120.132 E264.21255
G0 F6000 X113.909 Y120.132
G1 F360 X109.986 Y116.209 E264.43398
G0 F6000 X110.552 Y116.209
G1 F360 X114.475 Y120.132 E264.65541
G0 F6000 X115.041 Y120.132
G1 F360 X111.118 Y116.209 E264.87685
G0 F6000 X111.683 Y116.209
G1 F360 X115.607 Y120.132 E265.09831
G0 F6000 X116.172 Y120.132
G1 F360 X112.249 Y116.209 E265.31974
G0 F6000 X112.815 Y116.209
G1 F360 X116.738 Y120.132 E265.54117
G0 F6000 X117.304 Y120.132
G1 F360 X113.381 Y116.209 E265.7626
G0 F6000 X113.946 Y116.209
G1 F360 X117.869 Y120.132 E265.98403
G0 F6000 X118.435 Y120.132
G1 F360 X114.512 Y116.209 E266.20546
G0 F6000 X115.078 Y116.209
G1 F360 X119.001 Y120.132 E266.42689
G0 F6000 X119.566 Y120.132
G1 F360 X115.643 Y116.209 E266.64832
G0 F6000 X116.209 Y116.209
G1 F360 X120.132 Y120.132 E266.86975
G0 F6000 X120.132 Y119.566
G1 F360 X116.775 Y116.209 E267.05924
G0 F6000 X117.34 Y116.209
G1 F360 X120.132 Y119.001 E267.21683
G0 F6000 X120.132 Y118.435
G1 F360 X117.906 Y116.209 E267.34247
G0 F6000 X118.472 Y116.209
G1 F360 X120.132 Y117.869 E267.43617
G0 F6000 X120.132 Y117.304
G1 F360 X119.037 Y116.209 E267.49798
G0 F6000 X119.603 Y116.209
G1 F360 X120.132 Y116.738 E267.52784
G0 F6000 X120.573 Y116.738
G0 X121.307 Y114.802
G0 X121.278 Y114.772
;TYPE:SKIN
G1 F360 X121.444 Y114.09 E267.53728
G1 X121.618 Y113.698 E267.54306
G1 X121.609 Y112.841 E267.55459
G1 X121.454 Y112.121 E267.5645
G1 X121.655 Y111.755 E267.57012
G1 X121.627 Y111.162 E267.57811
G0 F6000 X121.547 Y111.082
G0 X120.261 Y111.219
G0 X120.207 Y111.156
G1 F360 X120.12 Y111.352 E267.58591
G0 F6000 X120.164 Y111.405
G0 X121.048 Y108.038
G0 X121.006 Y107.996
G1 F360 X121.129 Y107.835 E267.59423
G1 X121.237 Y107.661 E267.60263
G0 F6000 X120.81 Y106.668
G1 F360 X120.801 Y106.376 E267.61377
G0 F6000 X120.696 Y106.271
G0 X119.444 Y104.779
G0 X118.185 Y104.779
G0 X117.968 Y106.377
G0 X117.949 Y106.352
G1 F360 X117.765 Y106.452 E267.61925
G1 X117.709 Y106.679 E267.62537
G0 F6000 X117.743 Y106.719
G0 X117.611 Y104.779
G0 X114.162 Y104.779
G0 X113.862 Y105.63
G0 X113.862 Y107.32
G0 X114.162 Y108.172
G0 X115.337 Y108.176
G0 X115.757 Y107.302
G0 X115.76 Y107.275
G1 F360 X115.765 Y107.562 E267.62758
G1 X115.586 Y107.667 E267.62918
G1 X115.706 Y108.635 E267.63669
G0 F6000 X115.754 Y108.683
G0 X120.501 Y109.426
G0 X120.501 Y109.94
G0 X116.173 Y111.082
G0 X116.232 Y111.141
G1 F360 X116.111 Y111.303 E267.64448
G1 X116.111 Y113 E267.70987
G1 X116.055 Y113.226 E267.71884
G0 F6000 X116.179 Y113.326
G0 X115.885 Y111.194
G0 X114.626 Y111.194
G0 X114.554 Y113.163
G0 X114.409 Y112.995
G1 F360 X114.409 Y112.712 E267.72998
G1 X114.409 Y111.298 E267.78565
G1 X114.527 Y111.133 E267.79364
G0 F6000 X114.584 Y111.152
G0 X114.267 Y113.11
G0 X114.241 Y113.11
G1 F360 X114.482 Y113.35 E267.80043
G0 F6000 X114.482 Y113.326
G0 X114.184 Y113.4
G0 X114.195 Y113.759
G0 X113.895 Y113.759
G0 X113.895 Y114.588
G0 X112.936 Y114.588
G0 X112.864 Y114.02
G0 X112.823 Y113.955
G1 F360 X112.769 Y114.184 E267.80615
G1 X112.566 Y114.263 E267.81146
G0 F6000 X112.565 Y114.254
G0 X112.279 Y114.594
G0 X111.245 Y114.588
G0 X111.245 Y111.194
G0 X112.204 Y111.194
G0 X112.3 Y112.024
G0 X112.284 Y112.001
G1 F360 X112.338 Y111.772 E267.81819
G1 X112.431 Y111.582 E267.82424
G0 F6000 X112.515 Y111.673
G0 X112.204 Y111.194
G0 X108.863 Y111.137
G0 X108.845 Y111.108
G1 F360 X108.688 Y111.234 E267.82828
G1 X108.64 Y111.468 E267.83308
G0 F6000 X108.659 Y111.496
G0 X108.554 Y111.194
G0 X107.294 Y111.194
G0 X106.847 Y111.372
G0 X106.705 Y111.231
G1 F360 X106.705 Y111.513 E267.8385
G1 X106.705 Y110.948 E267.84935
G1 X106.784 Y110.744 E267.85355
G0 F6000 X106.847 Y110.807
G0 X99.501 Y109.9
G0 X99.519 Y107.666
G0 X101.062 Y108.178
G0 X108.043 Y108.609
G1 F360 X107.918 Y108.484 E267.85708
G0 F6000 X108.353 Y107.222
G0 X108.24 Y107.109
G1 F360 X108.328 Y106.914 E267.86348
G1 X108.426 Y106.446 E267.8778
G0 F6000 X108.409 Y106.429
G0 X108.491 Y108.172
G0 X113.665 Y108.172
G0 X113.665 Y107.259
G0 X112.408 Y106.805
G0 X113.895 Y106.805
G0 X113.895 Y106.192
G0 X112.408 Y106.192
G0 X113.734 Y105.691
G0 X113.734 Y104.779
G0 X107.639 Y104.774
G0 X107.125 Y104.862
G0 X107.08 Y104.817
G1 F360 X107.117 Y104.571 E267.88541
G0 F6000 X107.028 Y104.482
G0 X99.669 Y104.786
G0 X101.123 Y108.177
G0 X104.823 Y108.243
G0 X105.205 Y108.158
G0 X105.701 Y107.86
G0 X106.033 Y107.478
G0 X105.927 Y107.058
G0 X106.086 Y107.217
G1 F360 X105.81 Y107.224 E267.89687
G0 F6000 X105.774 Y107.172
G0 X105.075 Y106.691
G0 X104.34 Y106.859
G0 X104.298 Y106.843
G1 F360 X104.208 Y106.471 E267.89946
G1 X104.616 Y106.03 E267.90353
G0 F6000 X104.658 Y106.073
G0 X106.033 Y107.478
G0 X105.549 Y107.983
G0 X105.205 Y108.158
G0 X104.823 Y108.243
G0 X101.123 Y108.177
G0 X99.669 Y104.786
G0 X103.52 Y104.786
G0 X103.667 Y104.798
G1 F360 X103.536 Y104.95 E267.90847
G0 F6000 X103.547 Y104.952
G0 X101.734 Y104.562
G0 X101.693 Y104.521
G1 F360 X101.543 Y104.655 E267.9169
G0 F6000 X101.652 Y104.764
G0 X99.669 Y104.786
G0 X101.123 Y108.177
G0 X102.058 Y108.177
G0 X102.766 Y106.717
G0 X102.78 Y106.74
G1 F360 X102.78 Y107.023 E267.91925
G1 X102.595 Y107.12 E267.92098
G1 X102.868 Y108.525 E267.93287
G0 F6000 X102.899 Y108.556
G0 X100.304 Y109.421
G0 X99.519 Y107.666
G0 X99.501 Y109.9
G0 X103.922 Y110.711
G0 X103.966 Y110.755
G1 F360 X103.778 Y110.849 E267.93764
G0 F6000 X104.238 Y111.875
G1 F360 X104.352 Y112.272 E267.94564
G1 X104.348 Y111.702 E267.95667
G0 F6000 X104.286 Y111.64
G0 X104.283 Y113.617
G0 X104.347 Y113.681
G1 F360 X104.312 Y113.929 E267.9602
G1 X104.185 Y114.085 E267.96303
G1 X103.936 Y114.967 E267.97592
G0 F6000 X104.011 Y115.042
G0 X106.77 Y114.972
G0 X106.805 Y115.008
G1 F360 X107.159 Y114.513 E267.98287
G0 F6000 X107.084 Y114.448
G0 X107.294 Y114.588
G0 X108.744 Y114.598
G0 X109.603 Y114.417
G0 X109.588 Y114.396
G1 F360 X109.662 Y114.47 E267.98496
G0 F6000 X110.751 Y114.588
G0 X110.833 Y109.95
G0 X120.501 Y109.94
G0 X120.501 Y109.426
G0 X111.925 Y109.416
G0 X111.351 Y107.957
G0 X111.255 Y107.861
G1 F360 X111.353 Y107.676 E267.99305
G0 F6000 X111.377 Y107.724
G0 X111.449 Y108.172
G0 X113.665 Y108.172
G0 X113.665 Y107.259
G0 X112.408 Y106.805
G0 X113.895 Y106.805
G0 X113.895 Y106.192
G0 X112.408 Y106.192
G0 X113.734 Y105.691
G0 X113.734 Y104.779
G0 X111.449 Y104.779
G0 X111.377 Y105.178
G0 X111.401 Y105.178
G1 F360 X111.28 Y105.058 E267.99645
G0 F6000 X111.432 Y104.807
G0 X116.263 Y104.666
G1 F360 X116.304 Y104.707 E267.99761
G0 F6000 X114.162 Y104.779
G0 X113.852 Y105.72
G0 X112.685 Y106.204
G0 X113.895 Y106.192
G0 X113.895 Y106.805
G0 X112.408 Y106.805
G0 X113.665 Y107.259
G0 X113.665 Y108.172
G0 X103.034 Y109.072
G0 X99.519 Y107.666
G0 X99.501 Y109.9
G0 X100.737 Y111.152
G0 X100.714 Y111.179
G1 F360 X100.613 Y111.361 E267.99987
G1 X100.274 Y110.739 E268.00756
G0 F6000 X100.216 Y110.681
G0 X98.536 Y111.545
G0 X98.475 Y111.486
G1 F360 X98.368 Y111.662 E268.01213
G1 X98.308 Y111.884 E268.01724
G0 F6000 X98.325 Y111.901
G0 X98.26 Y112.321
G0 X98.317 Y113.851
G0 X98.353 Y113.909
G1 F360 X98.398 Y114.237 E268.02137
G1 X98.795 Y114.917 E268.0312
G0 F6000 X98.859 Y114.981
G0 X100.27 Y114.978
G0 X100.301 Y115.008
G1 F360 X100.637 Y114.496 E268.03827
G0 F6000 X100.555 Y114.423
G0 X99.885 Y114.633
G0 X99.455 Y114.635
G0 X99.052 Y114.536
G0 X98.695 Y114.315
G0 X98.486 Y114.053
G0 X98.277 Y113.4
G0 X98.247 Y112.518
G0 X99.196 Y106.55
G0 X99.143 Y106.497
G1 F360 X99.26 Y106.331 E268.04531
G1 X99.197 Y105.986 E268.05747
G0 F6000 X99.091 Y105.88
G0 X98.932 Y104.589
G0 X98.811 Y104.468
G1 F360 X98.943 Y104.317 E268.06715
G0 F6000 X98.994 Y104.368
G1 F360 E267.06715
G0 F6000 X98.243 Y112.42
G0 X98.231 Y121.769
G0 X97.252 Y121.769
G0 X46.853 Y172.168
G0 X46.853 Y173.147
G0 X45.585 Y178.441
G0 X39.205 Y178.434
G0 X36.26 Y179.849
;TYPE:WALL-INNER
G1 F360 E268.06715
G1 X36.066 Y179.723 E268.07638
G1 X36.011 Y179.687 E268.07901
G1 X35.656 Y179.539 E268.09436
G1 X35.274 Y179.45 E268.11001
G1 X34.908 Y179.423 E268.12466
G1 X32.542 Y179.423 E268.21909
G1 X32.376 Y179.832 E268.23671
G1 X32.307 Y180.003 E268.24407
G1 X32.056 Y180.003 E268.25409
G1 X31.989 Y179.831 E268.26018
G1 X31.829 Y179.423 E268.27767
G1 X30.2 Y179.423 E268.34269
G1 X29.925 Y179.364 E268.35392
G1 X29.52 Y179.361 E268.37008
G1 X29.119 Y179.429 E268.38631
G1 X29.042 Y179.457 E268.38958
G1 X29.009 Y179.469 E268.39099
G1 X29.029 Y179.423
G1 X29.009 Y179.423
G1 X27.028 Y179.423 E268.47005
G1 X26.862 Y179.832 E268.48767
G1 X26.793 Y180.003 E268.49503
G1 X26.542 Y180.003 E268.50505
G1 X26.475 Y179.831 E268.51114
G1 X26.315 Y179.423 E268.52863
G1 X24.631 Y179.423 E268.59584
G1 X24.63 Y179.423 E268.59588
G1 X24.328 Y179.423 E268.60794
G1 X24.448 Y179.701 E268.61497
G1 X26.03 Y183.361 E268.77411
G1 X27.316 Y183.361 E268.82544
G1 X27.662 Y182.566 E268.86004
G1 X27.758 Y182.345 E268.86966
G1 X27.81 Y182.225 E268.87488
G1 X27.88 Y182.397 E268.87741
G1 X28.016 Y182.596 E268.88422
G1 X28.106 Y182.728 E268.8906
G1 X28.398 Y183.005 E268.90666
G1 X28.737 Y183.216 E268.9226
G1 X29.118 Y183.354 E268.93877
G1 X29.52 Y183.423 E268.95505
G1 X29.931 Y183.42 E268.97145
G1 X30.287 Y183.351 E268.98593
G1 X30.656 Y183.194 E269.00193
G1 X30.961 Y182.963 E269.0172
G1 X30.988 Y182.942 E269.01857
G1 X31.241 Y182.661 E269.03366
G1 X31.303 Y182.805 E269.0346
G1 X31.316 Y182.837 E269.0359
G1 X31.544 Y183.361 E269.05871
G1 X32.83 Y183.361 E269.11004
G1 X32.92 Y183.154 E269.11904
G1 X33.302 Y182.276 E269.15726
G1 X33.302 Y183.233 E269.17676
G1 X33.302 Y183.234 E269.1768
G1 X33.302 Y183.361 E269.18187
G1 X34.821 Y183.361 E269.24249
G1 X35.192 Y183.34 E269.25732
G1 X35.58 Y183.269 E269.27307
G1 X35.953 Y183.141 E269.28881
G1 X36.084 Y183.064 E269.29487
G1 X36.26 Y182.96 E269.30303
G1 X36.26 Y183.141 E269.30519
G1 X36.26 Y183.361 E269.31147
G1 X40.609 Y183.361 E269.48505
G1 X40.634 Y183.291 E269.48802
G1 X40.822 Y182.762 E269.51042
G1 X41.01 Y183.291 E269.52227
G1 X41.035 Y183.361 E269.52523
G1 X43.668 Y183.361 E269.63032
G1 X43.745 Y183.226 E269.63652
G1 X43.913 Y182.929 E269.65014
G1 X44.089 Y183.222 E269.65788
G1 X44.172 Y183.361 E269.66435
G1 X45.585 Y183.361 E269.72074
G1 X45.927 Y182.732 E269.74932
G1 X44.799 Y181.011 E269.83145
G1 X44.799 Y179.423 E269.89483
G1 X42.996 Y179.423 E269.96679
G1 X42.996 Y181.011 E270.03017
G1 X42.966 Y181.057 E270.03236
G1 X42.966 Y181.011
G1 X42.966 Y179.423 E270.03713
G1 X36.26 Y179.423 E270.30478
G1 X36.26 Y179.687 E270.31228
G1 X36.26 Y179.849 E270.31353
G0 F6000 X36.66 Y179.823
;TYPE:WALL-OUTER
G1 F360 X36.66 Y182.961 E270.43877
G1 X38.92 Y182.961 E270.52897
G1 X38.92 Y182.004 E270.56717
G1 X37.663 Y182.004 E270.61734
G1 X37.663 Y181.894 E270.62173
G1 X38.85 Y181.894 E270.66911
G1 X38.85 Y180.937 E270.7073
G1 X37.663 Y180.937 E270.75468
G1 X37.663 Y180.78 E270.76094
G1 X38.99 Y180.78 E270.81391
G1 X38.99 Y179.823 E270.8521
G1 X36.66 Y179.823 E270.9451
G1 F360 E269.9451
G0 F6000 X36.46 Y179.823
G0 X38.818 Y179.695
G0 X39.073 Y179.823
G1 F360 E270.9451
G1 X39.073 Y182.961 E271.07034
G1 X40.327 Y182.961 E271.12039
G1 X40.823 Y181.569 E271.17937
G1 X41.317 Y182.961 E271.23832
G1 X43.435 Y182.961 E271.32286
G1 X43.903 Y182.134 E271.36078
G1 X44.399 Y182.961 E271.39927
G1 X45.347 Y182.961 E271.43711
G1 X45.461 Y182.751 E271.44665
G1 X44.399 Y181.131 E271.52396
G1 X44.399 Y179.823 E271.57616
G1 X43.396 Y179.823 E271.6162
G1 X43.396 Y181.131 E271.6684
G1 X42.566 Y182.397 E271.72882
G1 X42.566 Y179.823 E271.83156
G1 X41.563 Y179.823 E271.87159
G1 X41.563 Y180.935 E271.91597
G1 X41.178 Y179.823 E271.96294
G1 X40.432 Y179.823 E271.99271
G1 X40.076 Y180.89 E272.03761
G1 X40.076 Y179.823 E272.08019
G1 X39.073 Y179.823 E272.12022
G0 F6000 X38.762 Y179.383
G0 X24.752 Y179.702
G0 X26.206 Y183.094
G0 X29.904 Y183.159
G0 X30.524 Y182.966
G0 X30.81 Y182.75
G0 X31.115 Y182.392
G0 X29.713 Y181.148
;TYPE:WALL-INNER
G1 F360 X29.942 Y181.44 E272.13503
G1 X29.74 Y181.639 E272.14635
G1 X29.679 Y181.668 E272.14905
G1 X29.522 Y181.58 E272.15623
G1 X29.48 Y181.306 E272.16729
G1 X29.568 Y181.144 E272.17465
G1 X29.668 Y181.124 E272.17872
G1 X29.713 Y181.148 E272.18076
G0 F6000 X30.369 Y181.43
G1 F360 X30.626 Y181.238 E272.19356
G1 X30.655 Y181.306
G1 X30.895 Y181.86 E272.21766
G1 X30.429 Y181.48 E272.22664
G1 X30.369 Y181.43
G1 F360 E271.22664
G0 F6000 X31.115 Y182.392
G0 X30.81 Y182.75
G0 X30.524 Y182.966
G0 X29.904 Y183.159
G0 X26.206 Y183.094
G0 X24.752 Y179.702
G0 X29.894 Y179.625
G0 X30.502 Y179.788
G1 F360 E272.22664
G0 F6000 X30.451 Y179.823
;TYPE:WALL-OUTER
G1 F360 X30.499 Y179.968 E272.23274
G1 X30.196 Y179.831 E272.24601
G1 X29.881 Y179.764 E272.25886
G1 X29.552 Y179.761 E272.272
G1 X29.222 Y179.817 E272.28535
G1 X28.913 Y179.93 E272.29849
G1 X28.646 Y180.092 E272.31095
G1 X28.412 Y180.314 E272.32382
G1 X28.235 Y180.578 E272.33651
G1 X28.11 Y180.888 E272.34985
G1 X28.05 Y181.222 E272.3634
G1 X28.05 Y181.562 E272.37697
G1 X28.109 Y181.895 E272.39046
G1 X28.235 Y182.207 E272.40389
G1 X28.412 Y182.467 E272.41645
G1 X28.644 Y182.687 E272.42921
G1 X28.913 Y182.854 E272.44184
G1 X29.221 Y182.966 E272.45492
G1 X29.552 Y183.023 E272.46833
G1 X29.891 Y183.02 E272.48186
G1 X30.169 Y182.966 E272.49316
G1 X30.454 Y182.845 E272.50552
G1 X30.716 Y182.646 E272.51865
G1 X30.932 Y182.406 E272.53154
G1 X30.166 Y181.78 E272.57102
G1 X29.971 Y181.973 E272.58197
G1 X29.775 Y182.064 E272.5906
G1 X29.659 Y182.074 E272.59525
G1 X29.403 Y182.013 E272.60575
G1 X29.185 Y181.813 E272.61756
G1 X29.085 Y181.564 E272.62827
G1 X29.079 Y181.24 E272.6412
G1 X29.169 Y180.992 E272.65173
G1 X29.324 Y180.816 E272.66109
G1 X29.524 Y180.724 E272.66988
G1 X29.766 Y180.724 E272.67954
G1 X29.968 Y180.831 E272.68866
G1 X29.998 Y180.863 E272.69041
G1 X30.169 Y181.081 E272.70147
G1 X30.793 Y180.615 E272.73255
G1 X31.807 Y182.961 E272.83456
G1 X32.568 Y182.961 E272.86493
G1 X33.702 Y180.354 E272.9784
G1 X33.702 Y182.961 E273.08245
G1 X34.81 Y182.961 E273.12667
G1 X35.145 Y182.942 E273.14007
G1 X35.479 Y182.881 E273.15362
G1 X35.785 Y182.776 E273.16653
G1 X36.069 Y182.608 E273.1797
G1 X36.303 Y182.383 E273.19265
G1 X36.477 Y182.108 E273.20564
G1 X36.595 Y181.751 E273.22065
G1 X36.627 Y181.384 E273.23535
G1 X36.594 Y181.041 E273.24911
G1 X36.481 Y180.71 E273.26307
G1 X36.311 Y180.442 E273.27573
G1 X36.09 Y180.215 E273.28838
G1 X35.824 Y180.042 E273.30104
G1 X35.533 Y179.921 E273.31362
G1 X35.214 Y179.847 E273.32669
G1 X34.893 Y179.823 E273.33954
G1 X32.812 Y179.823 E273.4226
G1 X32.577 Y180.403 E273.44757
G1 X31.784 Y180.403 E273.47922
G1 X31.556 Y179.823 E273.5041
G1 X30.451 Y179.823 E273.5482
G0 F6000 X30.136 Y179.369
G1 F360 E272.5482
G0 F6000 X24.752 Y179.702
G1 F360 E273.5482
G0 F6000 X24.937 Y179.823
G1 F360 X26.293 Y182.961 E273.68464
G1 X27.054 Y182.961 E273.71501
G1 X28.419 Y179.823 E273.85159
G1 X27.298 Y179.823 E273.89633
G1 X27.063 Y180.403 E273.92131
G1 X26.27 Y180.403 E273.95296
G1 X26.042 Y179.823 E273.97783
G1 X24.937 Y179.823 E274.02194
G0 F6000 X24.754 Y179.901
G0 X23.331 Y187.338
G0 X23.6 Y187.989
;TYPE:WALL-INNER
G1 F360 X23.6 Y187.935 E274.02409
G1 X23.6 Y187.743 E274.03175
G1 X23.6 Y187.682 E274.03419
G1 X23.668 Y187.698 E274.03427
G1 X23.858 Y187.743 E274.03906
G1 X23.858 Y187.935 E274.04401
G1 X23.662 Y187.976 E274.04883
G1 X23.6 Y187.989
G0 F6000 X23.345 Y188.322
G0 X23.6 Y189.4
G1 F360 X23.739 Y189.536 E274.05659
G1 X23.93 Y189.64 E274.06527
G1 X24.048 Y189.704 E274.07063
G1 X24.505 Y189.813 E274.08938
G1 X24.924 Y189.816 E274.10611
G1 X25.26 Y189.756 E274.11973
G1 X25.534 Y189.643 E274.13156
G1 X25.59 Y189.619 E274.13399
G1 X25.59 Y189.756 E274.13568
G1 X25.59 Y189.777
G1 X27.11 Y189.777 E274.19635
G1 X27.479 Y189.756 E274.2111
G1 X27.869 Y189.685 E274.22692
G1 X28.241 Y189.557 E274.24262
G1 X28.6 Y189.344 E274.25929
G1 X28.903 Y189.054 E274.27603
G1 X29.129 Y188.696 E274.29292
G1 X29.272 Y188.265 E274.31105
G1 X29.277 Y188.248 E274.31175
G1 X29.317 Y187.797 E274.32983
G1 X29.276 Y187.372 E274.34687
G1 X29.272 Y187.358 E274.34745
G1 X29.133 Y186.952 E274.36458
G1 X28.916 Y186.607 E274.38084
G1 X28.631 Y186.319 E274.39701
G1 X28.3 Y186.103 E274.41279
G1 X27.944 Y185.955 E274.42818
G1 X27.562 Y185.866 E274.44383
G1 X27.196 Y185.839 E274.45848
G1 X25.59 Y185.839 E274.52258
G1 X25.59 Y185.956 E274.52725
G1 X25.59 Y185.996 E274.52884
G1 X25.532 Y185.956 E274.52983
G1 X25.08 Y185.822 E274.54865
G1 X24.721 Y185.791 E274.56303
G1 X24.247 Y185.847 E274.58208
G1 X23.926 Y185.985 E274.59602
G1 X23.761 Y186.056 E274.60319
G1 X23.6 Y186.207 E274.612
G1 X23.6 Y186.056 E274.61258
G1 X23.6 Y185.876 E274.61798
G1 X23.6 Y173.433 E275.11461
G1 X46.567 Y173.433 E276.03127
G1 X46.567 Y185.839 E276.52642
G1 X37.826 Y185.839 E276.87529
G1 X37.753 Y185.958 E276.88087
G1 X37.559 Y186.274 E276.89566
G1 X37.559 Y185.839 E276.90196
G1 X32.106 Y185.839 E277.1196
G1 X32.106 Y186.787 E277.15744
G1 X32.106 Y186.788 E277.15748
G1 X32.106 Y187.037 E277.16742
G1 X31.863 Y186.981 E277.17348
G1 X31.585 Y186.917 E277.18487
G1 X31.473 Y186.915 E277.18934
G1 X31.473 Y185.839 E277.23228
G1 X29.67 Y185.839 E277.30425
G1 X29.67 Y187.357 E277.36483
G1 X29.67 Y187.372 E277.36543
G1 X29.67 Y187.797 E277.38131
G1 X29.67 Y188.248 E277.39813
G1 X29.67 Y188.266 E277.39885
G1 X29.67 Y189.578 E277.45121
G1 X29.67 Y189.777 E277.45915
G1 X29.869 Y189.777 E277.46429
G1 X31.365 Y189.776 E277.524
G1 X31.819 Y189.727 E277.54223
G1 X32.058 Y189.643 E277.55234
G1 X32.106 Y189.625 E277.55438
G1 X32.106 Y189.727 E277.55498
G1 X32.106 Y189.777
G1 X33.845 Y189.776 E277.62439
G1 X34.293 Y189.722 E277.6424
G1 X34.551 Y189.63 E277.65333
G1 X34.604 Y189.611 E277.65558
G1 X34.604 Y189.722 E277.65647
G1 X34.604 Y189.777
G1 X37.512 Y189.777 E277.77254
G1 X37.576 Y189.673 E277.77741
G1 X37.747 Y189.393 E277.79051
G1 X37.747 Y189.777 E277.79559
G1 X45.302 Y189.776 E278.09712
G1 X45.75 Y189.722 E278.11513
G1 X46.154 Y189.578 E278.13225
G1 X46.241 Y189.511 E278.13664
G1 X46.535 Y189.286 E278.15141
G1 X46.567 Y189.229 E278.15402
G1 X46.567 Y189.286 E278.15403
G1 X46.567 Y189.657 E278.16275
G1 X46.567 Y196.4 E278.43188
G1 X23.6 Y196.4 E279.34854
G1 X23.6 Y189.754 E279.61379
G1 X23.6 Y189.536 E279.61996
G1 X23.6 Y189.4 E279.62036
G0 F6000 X24 Y190.104
G1 F360 X24.245 Y190.162 E279.63041
G1 X24.457 Y190.213 E279.63911
G1 X24.958 Y190.216 E279.65911
G1 X25.19 Y190.177 E279.6685
G1 X27.121 Y190.177 E279.74557
G1 X27.526 Y190.154 E279.76176
G1 X27.97 Y190.073 E279.77977
G1 X28.41 Y189.922 E279.79834
G1 X28.843 Y189.665 E279.81844
G1 X28.925 Y189.587 E279.82295
G1 X29.215 Y189.309 E279.83899
G1 X29.27 Y189.222 E279.84309
G1 X29.27 Y189.309 E279.84318
G1 X29.27 Y189.711 E279.85287
G1 X29.27 Y189.978 E279.86353
G1 X29.27 Y190.177 E279.87147
G1 X29.469 Y190.177 E279.87661
G1 X31.387 Y190.176 E279.95316
G1 X31.706 Y190.142 E279.96597
G1 X31.706 Y190.177
G1 X33.869 Y190.176 E280.0523
G1 X34.204 Y190.136 E280.06576
G1 X34.204 Y190.177
G1 X45.326 Y190.176 E280.50966
G1 X45.802 Y190.118 E280.5288
G1 X45.842 Y190.114 E280.53041
G1 X46.167 Y189.998 E280.54418
G1 X46.167 Y190.114
G1 X46.167 Y190.155 E280.54571
G1 X46.167 Y196 E280.77899
G1 X24 Y196 E281.66373
G1 X24 Y190.356 E281.88899
G1 X24 Y190.355 E281.88903
G1 X24 Y190.104 E281.89512
G0 F6000 X24.4 Y190.611
G1 F360 X24.409 Y190.613 E281.89548
G1 X24.605 Y190.614 E281.90331
G1 X24.99 Y190.616 E281.91867
G1 X25.221 Y190.577 E281.92802
G1 X27.132 Y190.577 E282.0043
G1 X27.573 Y190.552 E282.02193
G1 X28.071 Y190.461 E282.04213
G1 X28.508 Y190.311 E282.06057
G1 X28.579 Y190.287 E282.06356
G1 X28.667 Y190.235 E282.06764
G1 X28.87 Y190.115 E282.07705
G1 X28.87 Y190.233 E282.08176
G1 X28.87 Y190.287
G1 X28.87 Y190.362 E282.08443
G1 X28.87 Y190.576 E282.09297
G1 X28.87 Y190.577 E282.09301
G1 X28.924 Y190.577 E282.09496
G1 X45.35 Y190.576 E282.75056
G1 X45.545 Y190.552 E282.7584
G1 X45.767 Y190.526 E282.76732
G1 X45.767 Y190.749 E282.7729
G1 X45.767 Y190.75 E282.77294
G1 X45.767 Y195.6 E282.96651
G1 X24.4 Y195.6 E283.81931
G1 X24.4 Y190.807 E284.01061
G1 X24.4 Y190.611 E284.01573
G1 F360 E283.01573
G0 F6000 X23.32 Y188.478
G1 F360 E284.01573
G0 F6000 X23.509 Y188.416
;TYPE:WALL-OUTER
G1 F360 X23.622 Y188.753 E284.02992
G1 X23.746 Y188.984 E284.04038
G1 X23.979 Y189.211 E284.05337
G1 X24.192 Y189.327 E284.06305
G1 X24.554 Y189.413 E284.0779
G1 X24.89 Y189.416 E284.09131
G1 X25.147 Y189.37 E284.10173
G1 X25.423 Y189.255 E284.11366
G1 X25.658 Y189.062 E284.1258
G1 X25.813 Y188.788 E284.13837
G1 X25.868 Y188.459 E284.15168
G1 X25.832 Y188.197 E284.16223
G1 X25.711 Y187.951 E284.17318
G1 X25.637 Y187.864 E284.17773
G1 X25.797 Y187.668 E284.18783
G1 X25.904 Y187.358 E284.20092
G1 X25.908 Y187.098 E284.2113
G1 X25.813 Y186.764 E284.22516
G1 X25.623 Y186.506 E284.23795
G1 X25.357 Y186.321 E284.25088
G1 X25.005 Y186.217 E284.26553
G1 X24.727 Y186.193 E284.27667
G1 X24.352 Y186.237 E284.29174
G1 X23.983 Y186.396 E284.30777
G1 X23.761 Y186.604 E284.31991
G1 X23.609 Y186.872 E284.33221
G1 X23.492 Y187.246 E284.34785
G1 X24.258 Y187.425 E284.37925
G1 X24.258 Y188.261 E284.41261
G1 X23.509 Y188.416 E284.44314
G0 F6000 X23.32 Y188.478
G0 X24.326 Y188.115
G0 X24.572 Y188.298
G1 F360 X24.848 Y188.329 E284.45423
G1 X24.887 Y188.398 E284.45739
G1 X24.814 Y188.479 E284.46174
G1 X24.671 Y188.473 E284.46746
G1 X24.572 Y188.298 E284.47548
G0 F6000 X24.523 Y187.395
G1 F360 X24.613 Y187.164 E284.48538
G1 X24.761 Y187.127 E284.49146
G1 X24.897 Y187.166 E284.49711
G1 X24.931 Y187.318 E284.50333
G1 X24.836 Y187.38 E284.50785
G1 X24.585 Y187.395 E284.51789
G1 X24.523 Y187.395 E284.52037
G1 F360 E283.52037
G0 F6000 X24.757 Y187.279
G0 X24.158 Y187.504
G0 X23.331 Y187.338
G0 X23.482 Y186.815
G0 X23.65 Y186.519
G0 X23.908 Y186.277
G0 X24.315 Y186.101
G0 X24.893 Y186.084
G0 X25.79 Y186.239
G1 F360 E284.52037
G0 F6000 X25.99 Y186.239
G1 F360 X25.99 Y189.377 E284.64561
G1 X27.099 Y189.377 E284.68987
G1 X27.432 Y189.358 E284.70318
G1 X27.767 Y189.297 E284.71678
G1 X28.072 Y189.192 E284.72965
G1 X28.357 Y189.023 E284.74287
G1 X28.591 Y188.799 E284.7558
G1 X28.765 Y188.524 E284.76879
G1 X28.883 Y188.167 E284.7838
G1 X28.915 Y187.799 E284.79854
G1 X28.882 Y187.457 E284.81225
G1 X28.769 Y187.125 E284.82625
G1 X28.601 Y186.857 E284.83888
G1 X28.377 Y186.631 E284.85158
G1 X28.112 Y186.458 E284.86421
G1 X27.821 Y186.337 E284.87679
G1 X27.502 Y186.263 E284.88986
G1 X27.181 Y186.239 E284.9027
G1 X25.99 Y186.239 E284.95024
G1 F360 E283.95024
G0 F6000 X25.79 Y186.239
G0 X30.07 Y186.039
G1 F360 E284.95024
G0 F6000 X30.07 Y186.239
G1 F360 X30.07 Y189.377 E285.07548
G1 X31.343 Y189.376 E285.12629
G1 X31.729 Y189.334 E285.14179
G1 X32.033 Y189.226 E285.15466
G1 X32.298 Y189.023 E285.16799
G1 X32.469 Y188.715 E285.18205
G1 X32.506 Y188.585 E285.18744
G1 X32.506 Y189.377 E285.21905
G1 X33.821 Y189.376 E285.27154
G1 X34.201 Y189.33 E285.28682
G1 X34.504 Y189.222 E285.29965
G1 X34.769 Y189.019 E285.31298
G1 X34.94 Y188.712 E285.327
G1 X34.992 Y188.467 E285.337
G1 X34.985 Y188.186 E285.34822
G1 X34.893 Y187.879 E285.36101
G1 X34.689 Y187.609 E285.37452
G1 X34.505 Y187.485 E285.38337
G1 X35.004 Y186.658 E285.42192
G1 X35.004 Y189.377 E285.53044
G1 X36.007 Y189.377 E285.57048
G1 X36.007 Y186.239 E285.69572
G1 X34.058 Y186.239 E285.77351
G1 X33.509 Y187.289 E285.8208
G1 X33.509 Y186.239 E285.86271
G1 X32.506 Y186.239 E285.90274
G1 X32.506 Y188.099 E285.97698
G1 X32.432 Y187.86 E285.98696
G1 X32.239 Y187.594 E286.00008
G1 X31.96 Y187.414 E286.01333
G1 X31.535 Y187.316 E286.03074
G1 X31.073 Y187.306 E286.04918
G1 X31.073 Y186.239 E286.09177
G1 X30.07 Y186.239 E286.1318
G1 F360 E285.1318
G0 F6000 X30.07 Y186.039
G0 X35.835 Y186.111
G0 X36.156 Y186.239
G1 F360 E286.1318
G1 X36.156 Y189.377 E286.25704
G1 X37.288 Y189.377 E286.30222
G1 X38.147 Y187.972 E286.36795
G1 X38.147 Y189.377 E286.42403
G1 X43.81 Y189.377 E286.65005
G1 X43.81 Y188.42 E286.68825
G1 X42.553 Y188.42 E286.73842
G1 X42.553 Y188.309 E286.74285
G1 X43.74 Y188.309 E286.79022
G1 X43.74 Y187.353 E286.82838
G1 X42.553 Y187.353 E286.87575
G1 X42.553 Y187.196 E286.88202
G1 X43.879 Y187.196 E286.93494
G1 X43.879 Y186.239 E286.97314
G1 X41.55 Y186.239 E287.06609
G1 X41.55 Y188.443 E287.15406
G1 X40.84 Y188.443 E287.1824
G1 X40.84 Y186.239 E287.27036
G1 X39.837 Y186.239 E287.3104
G1 X39.837 Y188.443 E287.39836
G1 X39.15 Y188.443 E287.42578
G1 X39.15 Y186.239 E287.51375
G1 X38.05 Y186.239 E287.55765
G1 X37.159 Y187.691 E287.62565
G1 X37.159 Y186.239 E287.6836
G1 X36.156 Y186.239 E287.72363
G0 F6000 X35.845 Y185.799
G0 X46.554 Y186.105
G0 X46.726 Y186.409
G0 X46.488 Y187.389
;TYPE:WALL-INNER
G1 F360 X46.567 Y187.257 E287.72977
G1 X46.567 Y187.389 E287.73009
G1 X46.567 Y187.463 E287.73249
G1 X46.488 Y187.389 E287.7338
G1 F360 E286.7338
G0 F6000 X46.746 Y186.443
G0 X46.554 Y186.105
G0 X44.135 Y186.111
G0 X43.963 Y186.239
;TYPE:WALL-OUTER
G1 F360 E287.7338
G1 X43.963 Y189.377 E287.85904
G1 X45.278 Y189.376 E287.91153
G1 X45.658 Y189.33 E287.92681
G1 X45.961 Y189.222 E287.93965
G1 X46.226 Y189.019 E287.95297
G1 X46.397 Y188.712 E287.96699
G1 X46.455 Y188.341 E287.98198
G1 X46.411 Y188.027 E287.99464
G1 X46.265 Y187.728 E288.00792
G1 X46.082 Y187.556 E288.01794
G1 X45.962 Y187.485 E288.02351
G1 X46.591 Y186.442 E288.07212
G1 X46.476 Y186.239 E288.08143
G1 X45.515 Y186.239 E288.11979
G1 X44.966 Y187.289 E288.16708
G1 X44.966 Y186.239 E288.20898
G1 X43.963 Y186.239 E288.24902
G0 F6000 X43.652 Y185.799
G1 F360 E287.24902
G0 F6000 X43.835 Y186.963
G0 X43.835 Y188.653
G0 X44.135 Y189.505
G0 X45.583 Y190.734
G0 X46.797 Y196.63
G1 F360 E288.24902
G0 F6000 X46.967 Y196.8
G1 F360 X23.2 Y196.8 E289.19761
G1 X23.2 Y173.033 E290.1462
G1 X46.967 Y173.033 E291.09479
G1 X46.967 Y196.8 E292.04338
G0 F6000 X46.797 Y196.63
G0 X46.746 Y186.443
G0 X46.167 Y185.439
;TYPE:WALL-INNER
G1 F360 X29.27 Y185.439 E292.71778
G1 X29.27 Y185.995 E292.73997
G1 X29.27 Y186.007 E292.74045
G1 X29.27 Y186.357 E292.75442
G1 X29.27 Y186.419 E292.75689
G1 X29.231 Y186.357
G1 X28.885 Y186.007 E292.76924
G1 X28.875 Y186.001 E292.7697
G1 X28.488 Y185.748 E292.78815
G1 X28.067 Y185.573 E292.80635
G1 X27.622 Y185.469 E292.82459
G1 X27.211 Y185.439 E292.84104
G1 X25.195 Y185.439 E292.9215
G1 X25.155 Y185.427 E292.92317
G1 X24.715 Y185.389 E292.94079
G1 X24.448 Y185.42 E292.95152
G1 X24.285 Y185.44 E292.95807
G1 X24.142 Y185.457 E292.96382
G1 X24 Y185.518 E292.96999
G1 X24 Y185.457
G1 X24 Y185.313 E292.97436
G1 X24 Y180.637 E293.16099
G1 X24 Y180.636 E293.16103
G1 X24 Y179.673 E293.19946
G1 X24.382 Y180.557 E293.21908
G1 X25.767 Y183.761 E293.35839
G1 X27.578 Y183.761 E293.43067
G1 X27.82 Y183.207 E293.4548
G1 X27.83 Y183.183 E293.45584
G1 X27.881 Y183.066 E293.46093
G1 X28.152 Y183.323 E293.47099
G1 X28.174 Y183.337 E293.47199
G1 X28.561 Y183.578 E293.49018
G1 X29.015 Y183.742 E293.50945
G1 X29.487 Y183.823 E293.52856
G1 X29.971 Y183.82 E293.54788
G1 X30.405 Y183.736 E293.56553
G1 X30.858 Y183.543 E293.58518
G1 X31.105 Y183.355 E293.59757
G1 X31.134 Y183.423
G1 X31.281 Y183.761 E293.61228
G1 X34.832 Y183.761 E293.75401
G1 X35.239 Y183.738 E293.77028
G1 X35.681 Y183.657 E293.78821
G1 X35.809 Y183.614 E293.7936
G1 X35.86 Y183.596 E293.79576
G1 X35.86 Y183.657 E293.79588
G1 X35.86 Y183.761 E293.79748
G1 X43.901 Y183.761 E294.11841
G1 X43.911 Y183.743 E294.11924
G1 X43.922 Y183.723 E294.12015
G1 X43.933 Y183.741 E294.12025
G1 X43.945 Y183.761 E294.12043
G1 X45.823 Y183.761 E294.19539
G1 X46.167 Y183.129 E294.2241
G1 X46.167 Y183.761 E294.23447
G1 X46.167 Y185.439 E294.30144
G0 F6000 X45.767 Y185.039
G1 F360 X28.87 Y185.039 E294.97584
G1 X28.87 Y185.24 E294.98386
G1 X28.87 Y185.393 E294.98996
G1 X28.87 Y185.52 E294.99503
G1 X28.676 Y185.393 E294.99945
G1 X28.535 Y185.335 E295.00424
G1 X28.19 Y185.191 E295.01916
G1 X27.682 Y185.072 E295.03998
G1 X27.226 Y185.039 E295.05823
G1 X25.253 Y185.039 E295.13697
G1 X25.23 Y185.032 E295.13793
G1 X24.709 Y184.987 E295.15881
G1 X24.4 Y185.024 E295.17123
G1 X24.4 Y184.987
G1 X24.4 Y182.571 E295.26765
G1 X24.4 Y182.57 E295.26769
G1 X24.4 Y181.607 E295.30613
G1 X24.782 Y182.491 E295.32575
G1 X25.504 Y184.161 E295.39836
G1 X27.84 Y184.161 E295.4916
G1 X27.94 Y183.932 E295.50157
G1 X27.941 Y183.931 E295.50163
G1 X28.032 Y183.72 E295.5108
G1 X28.228 Y183.842 E295.51652
G1 X28.385 Y183.94 E295.5239
G1 X28.912 Y184.13 E295.54626
G1 X29.454 Y184.223 E295.56821
G1 X30.011 Y184.22 E295.59044
G1 X30.523 Y184.121 E295.61126
G1 X30.926 Y183.949 E295.62875
G1 X31.018 Y184.161 E295.63797
G1 X34.843 Y184.161 E295.79063
G1 X35.287 Y184.136 E295.80838
G1 X35.449 Y184.106 E295.81496
G1 X35.46 Y184.104 E295.8154
G1 X35.46 Y184.136
G1 X35.46 Y184.161
G1 X45.767 Y184.161 E296.22678
G1 X45.767 Y185.039 E296.26182
G0 F6000 X46.167 Y182.368
G1 F360 X45.801 Y181.809 E296.28849
G1 X45.199 Y180.891 E296.3323
G1 X45.199 Y179.023 E296.40686
G1 X35.86 Y179.023 E296.7796
G1 X35.86 Y179.157 E296.78495
G1 X35.86 Y179.191 E296.78631
G1 X35.801 Y179.166
G1 X35.779 Y179.157
G1 X35.334 Y179.053 E296.80454
G1 X34.923 Y179.023 E296.82099
G1 X32.272 Y179.023 E296.9268
G1 X32.249 Y179.081 E296.92929
G1 X32.186 Y179.237 E296.936
G1 X32.125 Y179.081 E296.93742
G1 X32.102 Y179.023
G1 X30.242 Y179.023 E297.01165
G1 X29.969 Y178.964 E297.0228
G1 X29.488 Y178.961 E297.042
G1 X29.122 Y179.023 E297.05681
G1 X26.758 Y179.023 E297.15117
G1 X26.735 Y179.081 E297.15366
G1 X26.672 Y179.237 E297.16037
G1 X26.611 Y179.081 E297.16178
G1 X26.588 Y179.023
G1 X24 Y179.023 E297.26507
G1 X24 Y173.833 E297.47222
G1 X46.167 Y173.833 E298.35695
G1 X46.167 Y181.7 E298.67094
G1 X46.167 Y182.368 E298.68483
G0 F6000 X45.767 Y181.028
G1 F360 X45.599 Y180.771 E298.69708
G1 X45.599 Y178.623 E298.78282
G1 X35.46 Y178.623 E299.18749
G1 X35.46 Y178.656 E299.1888
G1 X35.46 Y178.671 E299.1894
G1 X35.45 Y178.669
G1 X35.394 Y178.656 E299.19041
G1 X34.938 Y178.623 E299.20866
G1 X30.285 Y178.623 E299.39437
G1 X30.013 Y178.564 E299.40548
G1 X29.456 Y178.561 E299.42771
G1 X29.09 Y178.623 E299.44252
G1 X24.4 Y178.623 E299.62971
G1 X24.4 Y174.233 E299.80493
G1 X45.767 Y174.233 E300.65773
G1 X45.767 Y178.623 E300.83294
G1 X45.767 Y180.771 E300.86904
G1 X45.767 Y181.028 E300.87079
G0 F6000 X45.657 Y178.233
G0 X45.377 Y178.233
;TYPE:SKIN
G1 F360 X35.07 Y178.233 E301.28216
G1 X30.327 Y178.233 E301.47147
G1 X30.056 Y178.174 E301.48254
G1 X29.424 Y178.171 E301.50776
G1 X29.061 Y178.233 E301.52246
G1 X24.79 Y178.233 E301.69293
G1 X24.79 Y174.623 E301.83701
G1 X45.377 Y174.623 E302.65868
G1 X45.377 Y178.233 E302.80276
G0 F6000 X45.657 Y178.233
G0 X45.657 Y175.325
G0 X45.217 Y175.325
G1 F360 X44.674 Y174.781 E302.83344
G0 F6000 X44.108 Y174.781
G1 F360 X45.217 Y175.89 E302.89604
G0 F6000 X45.217 Y176.456
G1 F360 X43.542 Y174.781 E302.99058
G0 F6000 X42.977 Y174.781
G1 F360 X45.217 Y177.022 E303.11704
G0 F6000 X45.217 Y177.587
G1 F360 X42.411 Y174.781 E303.27543
G0 F6000 X41.845 Y174.781
G1 F360 X45.136 Y178.072 E303.46119
G0 F6000 X44.57 Y178.072
G1 F360 X41.28 Y174.781 E303.64692
G0 F6000 X40.714 Y174.781
G1 F360 X44.004 Y178.072 E303.83265
G0 F6000 X43.438 Y178.072
G1 F360 X40.148 Y174.781 E304.01838
G0 F6000 X39.583 Y174.781
G1 F360 X42.873 Y178.072 E304.20411
G0 F6000 X42.307 Y178.072
G1 F360 X39.017 Y174.781 E304.38984
G0 F6000 X38.451 Y174.781
G1 F360 X41.741 Y178.072 E304.57557
G0 F6000 X41.176 Y178.072
G1 F360 X37.886 Y174.781 E304.7613
G0 F6000 X37.32 Y174.781
G1 F360 X40.61 Y178.072 E304.94703
G0 F6000 X40.044 Y178.072
G1 F360 X36.754 Y174.781 E305.13276
G0 F6000 X36.189 Y174.781
G1 F360 X39.479 Y178.072 E305.31849
G0 F6000 X38.913 Y178.072
G1 F360 X35.623 Y174.781 E305.50422
G0 F6000 X35.057 Y174.781
G1 F360 X38.347 Y178.072 E305.68995
G0 F6000 X37.782 Y178.072
G1 F360 X34.491 Y174.781 E305.8757
G0 F6000 X33.926 Y174.781
G1 F360 X37.216 Y178.072 E306.06143
G0 F6000 X36.65 Y178.072
G1 F360 X33.36 Y174.781 E306.24716
G0 F6000 X32.794 Y174.781
G1 F360 X36.085 Y178.072 E306.43292
G0 F6000 X35.519 Y178.072
G1 F360 X32.229 Y174.781 E306.61865
G0 F6000 X31.663 Y174.781
G1 F360 X34.953 Y178.072 E306.80438
G0 F6000 X34.388 Y178.072
G1 F360 X31.097 Y174.781 E306.99014
G0 F6000 X30.532 Y174.781
G1 F360 X33.822 Y178.072 E307.17587
G0 F6000 X33.256 Y178.072
G1 F360 X29.966 Y174.781 E307.3616
G0 F6000 X29.4 Y174.781
G1 F360 X32.69 Y178.072 E307.54733
G0 F6000 X32.125 Y178.072
G1 F360 X28.835 Y174.781 E307.73306
G0 F6000 X28.269 Y174.781
G1 F360 X31.559 Y178.072 E307.91879
G0 F6000 X30.993 Y178.072
G1 F360 X27.703 Y174.781 E308.10452
G0 F6000 X27.138 Y174.781
G1 F360 X30.428 Y178.072 E308.29025
G0 F6000 X29.802 Y178.012
G1 F360 X26.572 Y174.781 E308.47259
G0 F6000 X26.006 Y174.781
G1 F360 X29.26 Y178.035 E308.65626
G0 F6000 X28.731 Y178.072
G1 F360 X25.44 Y174.781 E308.84202
G0 F6000 X24.949 Y174.856
G1 F360 X28.165 Y178.072 E309.02355
G0 F6000 X27.599 Y178.072
G1 F360 X24.949 Y175.421 E309.17315
G0 F6000 X24.949 Y175.987
G1 F360 X27.034 Y178.072 E309.29084
G0 F6000 X26.468 Y178.072
G1 F360 X24.949 Y176.553 E309.37658
G0 F6000 X24.949 Y177.118
G1 F360 X25.902 Y178.072 E309.4304
G0 F6000 X25.337 Y178.072
G1 F360 X24.949 Y177.684 E309.4523
G0 F6000 X24.51 Y177.684
G0 X25.046 Y183.381
G0 X24.79 Y183.491
G1 F360 X25.248 Y184.551 E309.49839
G1 X28.095 Y184.551 E309.61202
G1 X28.209 Y184.29 E309.62338
G1 X28.213 Y184.293 E309.62358
G1 X28.812 Y184.508 E309.64898
G1 X29.422 Y184.613 E309.67369
G1 X30.05 Y184.61 E309.69875
G1 X30.638 Y184.496 E309.72266
G1 X30.723 Y184.46 E309.72634
G1 X30.762 Y184.551 E309.73029
G1 X34.854 Y184.551 E309.89361
G1 X45.377 Y184.551 E310.31361
G1 X45.377 Y184.649 E310.31752
G1 X28.48 Y184.649 E310.99192
G1 X28.48 Y184.889 E311.0015
G1 X28.31 Y184.819 E311.00883
G1 X27.741 Y184.686 E311.03216
G1 X27.24 Y184.649 E311.05221
G1 X25.311 Y184.649 E311.1292
G1 X25.305 Y184.647 E311.12945
G1 X24.79 Y184.603 E311.15008
G1 X24.79 Y183.491 E311.19446
G0 F6000 X24.662 Y183.337
;TYPE:SKIN
G1 F360 X24.559 Y183.234 E311.19737
G0 F6000 X24.559 Y182.951
G1 F360 X24.897 Y183.289 E311.20691
G0 F6000 X24.781 Y182.89
G1 F360 X24.559 Y182.669 E311.21316
G0 F6000 X24.51 Y182.669
G0 X23.331 Y187.338
G0 X23.345 Y188.322
G0 X23.605 Y188.992
G0 X25.205 Y190.692
G0 X25.25 Y190.967
;TYPE:SKIN
G1 F360 X27.143 Y190.967 E311.28871
G1 X27.62 Y190.94 E311.30778
G1 X28.17 Y190.839 E311.3301
G1 X28.48 Y190.733 E311.34318
G1 X28.48 Y190.967 E311.35252
G1 X45.377 Y190.966 E312.02691
G1 X45.377 Y195.21 E312.1963
G1 X24.79 Y195.21 E313.01797
G1 X24.79 Y191.005 E313.1858
G1 X25.25 Y190.967 E313.20422
G0 F6000 X25.205 Y190.692
G0 X24.582 Y190.796
G0 X24.582 Y195.418
G0 X25.343 Y195.49
G0 X25.343 Y195.049
G1 F360 X24.95 Y194.655 E313.22643
G0 F6000 X24.95 Y194.09
G1 F360 X25.909 Y195.049 E313.28056
G0 F6000 X26.474 Y195.049
G1 F360 X24.95 Y193.524 E313.36661
G0 F6000 X24.95 Y192.958
G1 F360 X27.04 Y195.049 E313.48461
G0 F6000 X27.606 Y195.049
G1 F360 X24.95 Y192.393 E313.63453
G0 F6000 X24.95 Y191.827
G1 F360 X28.171 Y195.049 E313.81636
G0 F6000 X28.737 Y195.049
G1 F360 X24.95 Y191.261 E314.03014
G0 F6000 X25.38 Y191.126
G1 F360 X29.303 Y195.049 E314.25158
G0 F6000 X29.868 Y195.049
G1 F360 X25.946 Y191.126 E314.47298
G0 F6000 X26.512 Y191.126
G1 F360 X30.434 Y195.049 E314.69438
G0 F6000 X31 Y195.049
G1 F360 X27.077 Y191.126 E314.91581
G0 F6000 X27.617 Y191.1
G1 F360 X31.565 Y195.049 E315.13868
G0 F6000 X32.131 Y195.049
G1 F360 X28.097 Y191.014 E315.36641
G0 F6000 X28.774 Y191.126
G1 F360 X32.697 Y195.049 E315.58784
G0 F6000 X33.263 Y195.049
G1 F360 X29.339 Y191.126 E315.8093
G0 F6000 X29.905 Y191.126
G1 F360 X33.828 Y195.049 E316.03073
G0 F6000 X34.394 Y195.049
G1 F360 X30.471 Y191.126 E316.25216
G0 F6000 X31.037 Y191.126
G1 F360 X34.96 Y195.049 E316.47359
G0 F6000 X35.525 Y195.049
G1 F360 X31.602 Y191.126 E316.69502
G0 F6000 X32.168 Y191.126
G1 F360 X36.091 Y195.049 E316.91645
G0 F6000 X36.657 Y195.049
G1 F360 X32.734 Y191.126 E317.13788
G0 F6000 X33.299 Y191.126
G1 F360 X37.222 Y195.049 E317.35932
G0 F6000 X37.788 Y195.049
G1 F360 X33.865 Y191.126 E317.58075
G0 F6000 X34.431 Y191.126
G1 F360 X38.354 Y195.049 E317.80218
G0 F6000 X38.919 Y195.049
G1 F360 X34.996 Y191.126 E318.02361
G0 F6000 X35.562 Y191.126
G1 F360 X39.485 Y195.049 E318.24504
G0 F6000 X40.051 Y195.049
G1 F360 X36.128 Y191.126 E318.46647
G0 F6000 X36.693 Y191.126
G1 F360 X40.616 Y195.049 E318.6879
G0 F6000 X41.182 Y195.049
G1 F360 X37.259 Y191.126 E318.90933
G0 F6000 X37.825 Y191.126
G1 F360 X41.748 Y195.049 E319.13076
G0 F6000 X42.313 Y195.049
G1 F360 X38.39 Y191.126 E319.3522
G0 F6000 X38.956 Y191.126
G1 F360 X42.879 Y195.049 E319.57363
G0 F6000 X43.445 Y195.049
G1 F360 X39.522 Y191.126 E319.79506
G0 F6000 X40.088 Y191.126
G1 F360 X44.011 Y195.049 E320.01649
G0 F6000 X44.576 Y195.049
G1 F360 X40.653 Y191.126 E320.23792
G0 F6000 X41.219 Y191.126
G1 F360 X45.142 Y195.049 E320.45935
G0 F6000 X45.217 Y194.558
G1 F360 X41.785 Y191.126 E320.65307
G0 F6000 X42.35 Y191.126
G1 F360 X45.217 Y193.992 E320.81486
G0 F6000 X45.217 Y193.426
G1 F360 X42.916 Y191.126 E320.94472
G0 F6000 X43.482 Y191.126
G1 F360 X45.217 Y192.861 E321.04265
G0 F6000 X45.217 Y192.295
G1 F360 X44.047 Y191.126 E321.10866
G0 F6000 X44.613 Y191.126
G1 F360 X45.217 Y191.729 E321.14272
G0 F6000 X45.657 Y191.729
G0 X46.357 Y189.758
G0 X46.324 Y189.725
;TYPE:SKIN
G1 F360 X46.464 Y189.017 E321.15162
G1 X46.666 Y188.935 E321.15431
G1 X46.688 Y188.109 E321.16451
G1 X46.754 Y187.609 E321.17073
G1 X46.725 Y186.732 E321.18155
G1 X46.47 Y187.043 E321.18651
G1 X46.674 Y186.115 E321.19823
G0 F6000 X46.557 Y185.998
G0 X45.547 Y186.094
G0 X45.241 Y186.097
G1 F360 X45.191 Y186.33 E321.20668
G0 F6000 X45.222 Y186.37
G0 X46.391 Y183.004
G0 X46.257 Y182.87
G1 F360 X46.293 Y182.623 E321.21981
G0 F6000 X46.391 Y182.722
G0 X45.992 Y181.474
G0 X45.858 Y181.34
G1 F360 X45.967 Y181.166 E321.22878
G0 F6000 X45.992 Y181.191
G0 X44.527 Y179.695
G0 X43.268 Y179.695
G0 X43.022 Y181.338
G0 X42.965 Y181.275
G1 F360 X42.835 Y181.427 E321.23436
G1 X42.779 Y181.654 E321.24089
G0 F6000 X42.766 Y181.616
G0 X42.694 Y179.695
G0 X39.245 Y179.695
G0 X38.945 Y180.547
G0 X38.945 Y182.237
G0 X39.245 Y183.089
G0 X40.421 Y183.093
G0 X40.883 Y182.336
G0 X40.845 Y182.266
G1 F360 X40.802 Y182.506 E321.2428
G1 X40.841 Y183.394 E321.24979
G1 X40.743 Y183.579 E321.25143
G0 F6000 X40.764 Y183.6
G0 X45.585 Y184.343
G0 X45.585 Y184.857
G0 X41.183 Y185.998
G0 X41.278 Y186.094
G1 F360 X41.194 Y186.293 E321.25995
G1 X41.194 Y187.99 E321.32688
G1 X41.101 Y188.18 E321.33523
G0 F6000 X41.188 Y188.243
G0 X40.968 Y186.111
G0 X39.709 Y186.111
G0 X39.637 Y188.154
G0 X39.493 Y187.985
G1 F360 X39.493 Y187.702 E321.34658
G1 X39.493 Y186.288 E321.40334
G1 X39.574 Y186.086 E321.41208
G0 F6000 X39.637 Y186.174
G0 X39.35 Y188.1
G0 X39.325 Y188.1
G1 F360 X39.491 Y188.267 E321.41678
G0 F6000 X39.491 Y188.243
G0 X39.278 Y188.676
G0 X38.978 Y188.676
G0 X38.978 Y189.505
G0 X38.019 Y189.505
G0 X37.947 Y188.727
G0 X37.956 Y188.712
G1 F360 X37.892 Y188.93 E321.42308
G1 X37.836 Y189.157 E321.42957
G0 F6000 X37.947 Y189.288
G0 X37.363 Y189.511
G0 X36.328 Y189.505
G0 X36.328 Y186.111
G0 X37.287 Y186.111
G0 X37.464 Y186.812
G0 X37.409 Y186.75
G1 F360 X37.462 Y186.52 E321.44114
G0 F6000 X37.359 Y186.391
G0 X37.295 Y186.139
G0 X33.946 Y186.054
G0 X33.879 Y186.049
G1 F360 X33.759 Y186.211 E321.44494
G1 X33.699 Y186.435 E321.44932
G0 F6000 X33.716 Y186.452
G0 X33.637 Y186.111
G0 X32.378 Y186.111
G0 X32.306 Y187.328
G0 X32.281 Y187.279
G1 F360 X31.715 Y186.713 E321.4648
G1 X31.788 Y185.938 E321.47986
G1 X31.83 Y185.697 E321.48459
G0 F6000 X31.731 Y185.597
G0 X24.584 Y184.816
G0 X24.602 Y182.583
G0 X26.14 Y183.095
G0 X33.127 Y183.599
G0 X33.053 Y183.525
G1 F360 X33.101 Y183.29 E321.49018
G0 F6000 X33.075 Y183.265
G0 X33.344 Y182.119
G0 X33.267 Y182.042
G1 F360 X33.401 Y181.893 E321.49581
G1 X33.487 Y181.414 E321.50948
G0 F6000 X33.471 Y181.384
G0 X33.574 Y183.089
G0 X38.748 Y183.089
G0 X38.748 Y182.176
G0 X37.491 Y181.722
G0 X38.978 Y181.722
G0 X38.978 Y181.109
G0 X37.491 Y181.109
G0 X38.818 Y180.608
G0 X38.818 Y179.695
G0 X32.269 Y179.63
G0 X32.151 Y179.512
G1 F360 X32.334 Y179.413 E321.51698
G0 F6000 X32.35 Y179.429
G0 X24.752 Y179.702
G0 X26.206 Y183.094
G0 X29.904 Y183.159
G0 X30.524 Y182.966
G0 X30.81 Y182.75
G0 X31.084 Y182.428
G0 X31.124 Y181.884
G0 X31.147 Y181.903
G1 F360 X31.138 Y182.176 E321.5277
G0 F6000 X31.309 Y182.347
G0 X30.159 Y181.607
G0 X29.351 Y181.52
G0 X29.304 Y181.473
G1 F360 X29.594 Y180.915 E321.53132
G0 F6000 X29.577 Y180.924
G0 X31.115 Y182.392
G0 X30.81 Y182.75
G0 X30.524 Y182.966
G0 X29.904 Y183.159
G0 X26.206 Y183.094
G0 X24.752 Y179.702
G0 X28.96 Y179.699
G0 X28.897 Y179.652
G1 F360 X28.716 Y179.754 E321.53835
G0 F6000 X28.759 Y179.789
G0 X26.795 Y179.53
G0 X26.728 Y179.463
G1 F360 X26.64 Y179.657 E321.54631
G0 F6000 X26.714 Y179.732
G0 X26.132 Y179.69
G0 X24.752 Y179.702
G0 X26.206 Y183.094
G0 X27.141 Y183.094
G0 X27.828 Y181.681
G0 X27.857 Y181.723
G1 F360 X27.817 Y181.966 E321.55485
G0 F6000 X27.916 Y182.065
G0 X27.141 Y183.094
G0 X26.206 Y183.094
G0 X24.453 Y181.43
G0 X24.313 Y181.291
G1 F360 X24.309 Y181.004 E321.56283
G1 X24.196 Y181.457 E321.57583
G0 F6000 X24.219 Y181.479
G0 X23.953 Y179.517
G0 X23.863 Y179.427
G1 F360 X24.017 Y179.298 E321.58749
G0 F6000 X24.134 Y179.415
G0 X24.584 Y184.816
G0 X25.226 Y185.598
G0 X25.286 Y185.658
G1 F360 X25.608 Y186.263 E321.5947
G1 X25.772 Y186.144 E321.59683
G0 F6000 X25.73 Y186.102
G0 X24.728 Y186.053
G0 X24.315 Y186.101
G0 X23.586 Y186.51
G0 X23.489 Y186.407
G1 F360 X23.438 Y186.639 E321.60695
G0 F6000 X23.483 Y186.691
G0 X23.331 Y187.338
G0 X23.4 Y188.837
G0 X23.475 Y188.938
G1 F360 X23.444 Y189.19 E321.6107
G1 X23.828 Y189.856 E321.62207
G0 F6000 X23.881 Y189.909
G0 X25.31 Y189.925
G0 X25.356 Y189.97
G1 F360 X25.617 Y189.383 E321.62715
G1 X25.776 Y189.259 E321.62874
G0 F6000 X25.79 Y189.298
G0 X28.898 Y189.835
G0 X28.996 Y189.933
G1 F360 X29.08 Y189.734 E321.63147
G1 X29.2 Y189.006 E321.64079
G1 X29.382 Y188.906 E321.64342
G1 X29.456 Y188.414 E321.6497
G0 F6000 X29.418 Y188.376
G0 X29.494 Y187.038
G0 X29.357 Y186.901
G1 F360 X29.403 Y186.663 E321.66258
G0 F6000 X29.494 Y186.755
G0 X29.095 Y185.79
G1 F360 X28.958 Y185.653 E321.66644
G0 F6000 X29.942 Y189.505
G0 X31.413 Y189.478
G0 X32.128 Y189.401
G0 X32.149 Y189.41
G1 F360 X32.305 Y189.282 E321.66907
G0 F6000 X32.293 Y189.277
G0 X33.683 Y189.514
G0 X34.644 Y189.365
G0 X34.63 Y189.345
G1 F360 X34.692 Y189.407 E321.67082
G0 F6000 X35.835 Y189.505
G0 X35.835 Y186.111
G0 X45.585 Y184.857
G0 X45.585 Y184.343
G0 X37.738 Y184.334
G0 X36.266 Y182.779
G0 X36.235 Y182.748
G1 F360 X36.417 Y182.646 E321.67634
G0 F6000 X36.46 Y182.714
G0 X36.532 Y183.089
G0 X38.748 Y183.089
G0 X38.748 Y182.176
G0 X37.491 Y181.722
G0 X38.978 Y181.722
G0 X38.978 Y181.109
G0 X37.491 Y181.109
G0 X38.818 Y180.608
G0 X38.818 Y179.695
G0 X36.532 Y179.695
G0 X36.46 Y180.168
G0 X36.484 Y180.168
G1 F360 X36.315 Y179.999 E321.68111
G0 F6000 X36.532 Y179.695
G0 X41.283 Y179.593
G1 F360 X41.38 Y179.69 E321.68385
G0 F6000 X41.181 Y179.323
G1 F360 E320.68385
G0 F6000 X46.847 Y179.85
G0 X47.832 Y179.85
G0 X172.168 Y179.85
G0 X173.153 Y179.85
G0 X174.585 Y179.702
G0 X179.728 Y179.625
G0 X185.07 Y179.709
G0 X186.094 Y179.85
;TYPE:WALL-INNER
G1 F360 E321.68385
G1 X185.899 Y179.722 E321.69316
G1 X185.845 Y179.687 E321.69573
G1 X185.489 Y179.539 E321.71111
G1 X185.108 Y179.45 E321.72673
G1 X184.742 Y179.423 E321.74138
G1 X182.375 Y179.423 E321.83585
G1 X182.209 Y179.833 E321.8535
G1 X182.141 Y180.003 E321.86081
G1 X181.889 Y180.003 E321.87087
G1 X181.822 Y179.832 E321.87694
G1 X181.662 Y179.423 E321.89447
G1 X180.034 Y179.423 E321.95945
G1 X179.759 Y179.364 E321.97067
G1 X179.354 Y179.361 E321.98684
G1 X178.952 Y179.429 E322.00311
G1 X178.875 Y179.457 E322.00638
G1 X178.842 Y179.469 E322.00778
G1 X178.862 Y179.423
G1 X178.842 Y179.423
G1 X176.862 Y179.423 E322.08681
G1 X176.696 Y179.833 E322.10446
G1 X176.627 Y180.003 E322.11179
G1 X176.375 Y180.003 E322.12184
G1 X176.308 Y179.832 E322.12792
G1 X176.148 Y179.423 E322.14544
G1 X174.464 Y179.423 E322.21266
G1 X174.463 Y179.423 E322.2127
G1 X174.161 Y179.423 E322.22475
G1 X174.281 Y179.701 E322.23178
G1 X175.863 Y183.361 E322.39092
G1 X177.149 Y183.361 E322.44225
G1 X177.495 Y182.566 E322.47686
G1 X177.591 Y182.345 E322.48647
G1 X177.643 Y182.225 E322.49169
G1 X177.713 Y182.397 E322.49422
G1 X177.849 Y182.596 E322.50103
G1 X177.939 Y182.727 E322.50737
G1 X178.231 Y183.005 E322.52347
G1 X178.57 Y183.216 E322.5394
G1 X178.951 Y183.354 E322.55558
G1 X179.354 Y183.423 E322.57189
G1 X179.764 Y183.42 E322.58826
G1 X180.12 Y183.351 E322.60273
G1 X180.491 Y183.193 E322.61883
G1 X180.795 Y182.962 E322.63407
G1 X180.823 Y182.941 E322.63546
G1 X181.074 Y182.659 E322.65053
G1 X181.137 Y182.805 E322.65155
G1 X181.151 Y182.838 E322.6529
G1 X181.377 Y183.361 E322.67564
G1 X182.663 Y183.361 E322.72697
G1 X182.754 Y183.152 E322.73607
G1 X183.136 Y182.274 E322.77428
G1 X183.136 Y183.231 E322.79378
G1 X183.136 Y183.232 E322.79382
G1 X183.136 Y183.361 E322.79897
G1 X184.654 Y183.361 E322.85955
G1 X185.025 Y183.34 E322.87439
G1 X185.413 Y183.269 E322.89013
G1 X185.564 Y183.218 E322.89649
G1 X185.786 Y183.141 E322.90587
G1 X185.918 Y183.063 E322.91199
G1 X186.094 Y182.96 E322.92013
G1 X186.094 Y183.141 E322.92229
G1 X186.094 Y183.361 E322.92858
G1 X190.444 Y183.361 E323.1022
G1 X190.655 Y182.762 E323.12755
G1 X190.819 Y183.227 E323.13657
G1 X190.867 Y183.361 E323.14225
G1 X193.501 Y183.361 E323.24738
G1 X193.578 Y183.225 E323.25362
G1 X193.579 Y183.224 E323.25368
G1 X193.746 Y182.927 E323.26728
G1 X193.922 Y183.22 E323.27502
G1 X194.007 Y183.361 E323.28159
G1 X195.418 Y183.361 E323.3379
G1 X195.76 Y182.732 E323.36648
G1 X194.632 Y181.011 E323.44861
G1 X194.632 Y179.423 E323.51199
G1 X192.829 Y179.423 E323.58395
G1 X192.829 Y181.011 E323.64733
G1 X192.8 Y181.056 E323.64947
G1 X192.8 Y181.011
G1 X192.8 Y179.423 E323.65407
G1 X186.094 Y179.423 E323.92172
G1 X186.094 Y179.687 E323.92921
G1 X186.094 Y179.85 E323.93047
G0 F6000 X186.494 Y179.823
;TYPE:WALL-OUTER
G1 F360 X186.494 Y182.961 E324.05571
G1 X188.753 Y182.961 E324.14587
G1 X188.753 Y182.004 E324.18407
G1 X187.497 Y182.004 E324.2342
G1 X187.497 Y181.894 E324.23859
G1 X188.684 Y181.894 E324.28596
G1 X188.684 Y180.937 E324.32416
G1 X187.497 Y180.937 E324.37154
G1 X187.497 Y180.78 E324.3778
G1 X188.823 Y180.78 E324.43073
G1 X188.823 Y179.823 E324.46892
G1 X186.494 Y179.823 E324.56188
G1 F360 E323.56188
G0 F6000 X186.294 Y179.823
G0 X188.651 Y179.695
G0 X188.906 Y179.823
G1 F360 E324.56188
G1 X188.906 Y182.961 E324.68712
G1 X190.161 Y182.961 E324.73721
G1 X190.654 Y181.562 E324.79641
G1 X191.15 Y182.961 E324.85566
G1 X193.268 Y182.961 E324.94019
G1 X193.736 Y182.133 E324.97815
G1 X194.233 Y182.961 E325.01669
G1 X195.18 Y182.961 E325.05449
G1 X195.294 Y182.751 E325.06403
G1 X194.232 Y181.131 E325.14134
G1 X194.232 Y179.823 E325.19355
G1 X193.229 Y179.823 E325.23358
G1 X193.229 Y181.131 E325.28578
G1 X192.4 Y182.397 E325.34618
G1 X192.4 Y179.823 E325.44892
G1 X191.396 Y179.823 E325.48899
G1 X191.396 Y180.933 E325.53329
G1 X191.012 Y179.823 E325.58017
G1 X190.265 Y179.823 E325.60998
G1 X189.91 Y180.888 E325.65479
G1 X189.91 Y179.823 E325.69729
G1 X188.906 Y179.823 E325.73737
G0 F6000 X188.595 Y179.383
G0 X174.585 Y179.702
G0 X176.039 Y183.094
G0 X179.737 Y183.159
G0 X180.359 Y182.965
G0 X180.644 Y182.75
G0 X180.947 Y182.389
G0 X179.546 Y181.149
;TYPE:WALL-INNER
G1 F360 X179.62 Y181.243 E325.74214
G1 X179.768 Y181.43 E325.75166
G1 X179.557 Y181.65 E325.76383
G1 X179.43 Y181.648 E325.7689
G1 X179.317 Y181.484 E325.77684
G1 X179.352 Y181.199 E325.78629
G1 X179.444 Y181.124 E325.79103
G1 X179.546 Y181.149 E325.79522
G0 F6000 X180.203 Y181.43
G1 F360 X180.46 Y181.238 E325.80803
G1 X180.489 Y181.306
G1 X180.728 Y181.859 E325.83207
G1 X180.264 Y181.48 E325.84098
G1 X180.203 Y181.43
G1 F360 E324.84098
G0 F6000 X180.947 Y182.389
G0 X180.644 Y182.75
G0 X180.359 Y182.965
G0 X179.737 Y183.159
G0 X176.039 Y183.094
G0 X174.585 Y179.702
G0 X179.728 Y179.625
G0 X180.342 Y179.784
G1 F360 E325.84098
G0 F6000 X180.284 Y179.823
;TYPE:WALL-OUTER
G1 F360 X180.333 Y179.968 E325.84709
G1 X180.03 Y179.831 E325.86036
G1 X179.715 Y179.764 E325.87321
G1 X179.386 Y179.761 E325.88635
G1 X179.055 Y179.817 E325.89974
G1 X178.746 Y179.93 E325.91288
G1 X178.48 Y180.092 E325.92531
G1 X178.246 Y180.314 E325.93818
G1 X178.068 Y180.578 E325.95089
G1 X177.943 Y180.888 E325.96423
G1 X177.883 Y181.222 E325.97777
G1 X177.883 Y181.562 E325.99134
G1 X177.942 Y181.895 E326.00484
G1 X178.068 Y182.207 E326.01827
G1 X178.245 Y182.466 E326.03079
G1 X178.477 Y182.687 E326.04358
G1 X178.746 Y182.854 E326.05622
G1 X179.054 Y182.966 E326.0693
G1 X179.386 Y183.023 E326.08274
G1 X179.724 Y183.02 E326.09623
G1 X180.002 Y182.966 E326.10754
G1 X180.289 Y182.844 E326.11998
G1 X180.55 Y182.646 E326.13306
G1 X180.764 Y182.405 E326.14592
G1 X179.992 Y181.775 E326.18569
G1 X179.792 Y181.984 E326.19724
G1 X179.61 Y182.064 E326.20517
G1 X179.492 Y182.074 E326.2099
G1 X179.237 Y182.013 E326.22036
G1 X179.018 Y181.813 E326.2322
G1 X178.918 Y181.564 E326.24291
G1 X178.913 Y181.24 E326.25584
G1 X179.002 Y180.992 E326.26636
G1 X179.157 Y180.816 E326.27572
G1 X179.357 Y180.724 E326.28451
G1 X179.597 Y180.723 E326.29409
G1 X179.8 Y180.83 E326.30324
G1 X179.837 Y180.871 E326.30545
G1 X180.002 Y181.081 E326.31611
G1 X180.626 Y180.615 E326.34719
G1 X181.64 Y182.961 E326.4492
G1 X182.401 Y182.961 E326.47957
G1 X183.536 Y180.352 E326.59313
G1 X183.536 Y182.961 E326.69726
G1 X184.643 Y182.961 E326.74144
G1 X184.978 Y182.942 E326.75483
G1 X185.312 Y182.881 E326.76839
G1 X185.618 Y182.776 E326.7813
G1 X185.902 Y182.608 E326.79447
G1 X186.136 Y182.383 E326.80742
G1 X186.31 Y182.108 E326.82041
G1 X186.428 Y181.751 E326.83542
G1 X186.46 Y181.383 E326.85016
G1 X186.427 Y181.041 E326.86388
G1 X186.314 Y180.71 E326.87783
G1 X186.145 Y180.442 E326.89048
G1 X185.922 Y180.215 E326.90318
G1 X185.657 Y180.042 E326.91581
G1 X185.366 Y179.921 E326.92839
G1 X185.047 Y179.847 E326.94146
G1 X184.727 Y179.823 E326.95427
G1 X182.645 Y179.823 E327.03737
G1 X182.411 Y180.403 E327.06233
G1 X181.617 Y180.403 E327.09402
G1 X181.389 Y179.823 E327.11889
G1 X180.284 Y179.823 E327.16299
G0 F6000 X179.969 Y179.369
G1 F360 E326.16299
G0 F6000 X174.585 Y179.702
G1 F360 E327.16299
G0 F6000 X174.77 Y179.823
G1 F360 X176.126 Y182.961 E327.29943
G1 X176.887 Y182.961 E327.3298
G1 X178.252 Y179.823 E327.46639
G1 X177.132 Y179.823 E327.51109
G1 X176.897 Y180.403 E327.53606
G1 X176.103 Y180.403 E327.56775
G1 X175.875 Y179.823 E327.59263
G1 X174.77 Y179.823 E327.63673
G0 F6000 X174.587 Y179.901
G0 X173.161 Y187.337
G0 X173.433 Y187.989
;TYPE:WALL-INNER
G1 F360 X173.433 Y187.935 E327.63889
G1 X173.433 Y187.742 E327.64659
G1 X173.433 Y187.681 E327.64902
G1 X173.501 Y187.697 E327.64909
G1 X173.691 Y187.742 E327.65388
G1 X173.691 Y187.935 E327.65886
G1 X173.495 Y187.976 E327.6637
G1 X173.433 Y187.989
G0 F6000 X173.178 Y188.322
G0 X173.433 Y189.4
G1 F360 X173.573 Y189.536 E327.67149
G1 X173.764 Y189.64 E327.68017
G1 X173.88 Y189.704 E327.68546
G1 X174.338 Y189.813 E327.70425
G1 X174.757 Y189.816 E327.72098
G1 X175.095 Y189.756 E327.73468
G1 X175.366 Y189.642 E327.74641
G1 X175.424 Y189.617 E327.74893
G1 X175.424 Y189.756 E327.75072
G1 X175.424 Y189.777
G1 X176.944 Y189.777 E327.81139
G1 X177.312 Y189.756 E327.8261
G1 X177.702 Y189.685 E327.84192
G1 X178.074 Y189.557 E327.85762
G1 X178.433 Y189.344 E327.87428
G1 X178.736 Y189.054 E327.89102
G1 X178.962 Y188.696 E327.90792
G1 X179.105 Y188.266 E327.92601
G1 X179.11 Y188.249 E327.92672
G1 X179.151 Y187.797 E327.94483
G1 X179.108 Y187.372 E327.96188
G1 X179.105 Y187.361 E327.96233
G1 X178.965 Y186.952 E327.97959
G1 X178.748 Y186.607 E327.99585
G1 X178.466 Y186.32 E328.01191
G1 X178.133 Y186.103 E328.02778
G1 X177.778 Y185.955 E328.04313
G1 X177.395 Y185.866 E328.05882
G1 X177.03 Y185.839 E328.07343
G1 X175.424 Y185.839 E328.13753
G1 X175.424 Y185.956 E328.1422
G1 X175.424 Y185.997 E328.14383
G1 X175.365 Y185.956 E328.14481
G1 X174.912 Y185.821 E328.16368
G1 X174.553 Y185.791 E328.17806
G1 X174.081 Y185.847 E328.19703
G1 X173.991 Y185.885 E328.20093
G1 X173.759 Y185.985 E328.21101
G1 X173.593 Y186.056 E328.21822
G1 X173.433 Y186.205 E328.22694
G1 X173.433 Y186.056 E328.2275
G1 X173.433 Y185.875 E328.23292
G1 X173.433 Y173.433 E328.72951
G1 X196.4 Y173.433 E329.64617
G1 X196.4 Y185.839 E330.14132
G1 X187.66 Y185.839 E330.49016
G1 X187.587 Y185.958 E330.49573
G1 X187.392 Y186.273 E330.51051
G1 X187.392 Y185.839 E330.51682
G1 X181.939 Y185.839 E330.73446
G1 X181.939 Y186.843 E330.77453
G1 X181.939 Y186.981 E330.78004
G1 X181.939 Y187.058 E330.78311
G1 X181.772 Y186.981 E330.78685
G1 X181.636 Y186.958 E330.79113
G1 X181.407 Y186.917 E330.80041
G1 X181.306 Y186.915 E330.80445
G1 X181.306 Y185.839 E330.84739
G1 X179.503 Y185.839 E330.91935
G1 X179.503 Y187.36 E330.98006
G1 X179.503 Y187.372 E330.98054
G1 X179.503 Y187.797 E330.99641
G1 X179.503 Y188.249 E331.01326
G1 X179.503 Y188.267 E331.01397
G1 X179.503 Y189.578 E331.06629
G1 X179.503 Y189.777 E331.07424
G1 X179.702 Y189.777 E331.07938
G1 X181.198 Y189.776 E331.13908
G1 X181.652 Y189.727 E331.15731
G1 X181.891 Y189.643 E331.16742
G1 X181.939 Y189.625 E331.16947
G1 X181.939 Y189.727 E331.17006
G1 X181.939 Y189.777
G1 X183.678 Y189.776 E331.23947
G1 X184.126 Y189.722 E331.25748
G1 X184.384 Y189.63 E331.26841
G1 X184.437 Y189.611 E331.27066
G1 X184.437 Y189.722 E331.27156
G1 X184.437 Y189.777
G1 X187.344 Y189.777 E331.38758
G1 X187.409 Y189.672 E331.39251
G1 X187.581 Y189.392 E331.40562
G1 X187.581 Y189.777 E331.41075
G1 X195.135 Y189.776 E331.71225
G1 X195.583 Y189.722 E331.73026
G1 X195.987 Y189.578 E331.74737
G1 X196.074 Y189.511 E331.75176
G1 X196.368 Y189.286 E331.76653
G1 X196.4 Y189.229 E331.76914
G1 X196.4 Y189.286 E331.76916
G1 X196.4 Y189.657 E331.77787
G1 X196.4 Y196.4 E332.047
G1 X173.433 Y196.4 E332.96366
G1 X173.433 Y189.754 E333.22892
G1 X173.433 Y189.536 E333.23507
G1 X173.433 Y189.4 E333.23548
G0 F6000 X173.833 Y190.104
G1 F360 X174.078 Y190.162 E333.24553
G1 X174.29 Y190.213 E333.25423
G1 X174.791 Y190.216 E333.27423
G1 X175.024 Y190.177 E333.28366
G1 X176.955 Y190.177 E333.36073
G1 X177.359 Y190.154 E333.37688
G1 X177.803 Y190.073 E333.39489
G1 X178.243 Y189.922 E333.41346
G1 X178.676 Y189.665 E333.43356
G1 X178.758 Y189.587 E333.43807
G1 X179.048 Y189.309 E333.45411
G1 X179.103 Y189.222 E333.45821
G1 X179.103 Y189.309 E333.4583
G1 X179.103 Y189.711 E333.46799
G1 X179.103 Y190.177 E333.48659
G1 X181.22 Y190.176 E333.57109
G1 X181.539 Y190.142 E333.58389
G1 X181.539 Y190.177
G1 X183.702 Y190.176 E333.67022
G1 X184.037 Y190.136 E333.68369
G1 X184.037 Y190.177
G1 X195.159 Y190.176 E334.12759
G1 X195.635 Y190.118 E334.14673
G1 X195.675 Y190.114 E334.14833
G1 X196 Y189.998 E334.1621
G1 X196 Y190.114
G1 X196 Y190.155 E334.16363
G1 X196 Y196 E334.39692
G1 X173.833 Y196 E335.28165
G1 X173.833 Y190.356 E335.50691
G1 X173.833 Y190.355 E335.50695
G1 X173.833 Y190.104 E335.51304
G0 F6000 X174.233 Y190.611
G1 F360 X174.242 Y190.613 E335.51341
G1 X174.438 Y190.614 E335.52123
G1 X174.823 Y190.616 E335.5366
G1 X175.06 Y190.577 E335.54618
G1 X176.966 Y190.577 E335.62226
G1 X177.406 Y190.552 E335.63985
G1 X177.904 Y190.461 E335.66005
G1 X178.341 Y190.311 E335.67849
G1 X178.412 Y190.287 E335.68148
G1 X178.5 Y190.235 E335.68556
G1 X178.703 Y190.115 E335.69497
G1 X178.703 Y190.233 E335.69968
G1 X178.703 Y190.287
G1 X178.703 Y190.362 E335.70235
G1 X178.703 Y190.576 E335.71089
G1 X178.703 Y190.577 E335.71093
G1 X178.757 Y190.577 E335.71288
G1 X195.183 Y190.576 E336.36848
G1 X195.378 Y190.552 E336.37632
G1 X195.6 Y190.526 E336.38524
G1 X195.6 Y190.749 E336.39082
G1 X195.6 Y190.75 E336.39086
G1 X195.6 Y195.6 E336.58443
G1 X174.233 Y195.6 E337.43723
G1 X174.233 Y190.807 E337.62853
G1 X174.233 Y190.611 E337.63365
G1 F360 E336.63365
G0 F6000 X173.153 Y188.478
G1 F360 E337.63365
G0 F6000 X173.342 Y188.416
;TYPE:WALL-OUTER
G1 F360 X173.455 Y188.753 E337.64784
G1 X173.579 Y188.983 E337.65827
G1 X173.813 Y189.211 E337.67131
G1 X174.025 Y189.327 E337.68096
G1 X174.387 Y189.413 E337.69581
G1 X174.723 Y189.416 E337.70922
G1 X174.981 Y189.37 E337.71968
G1 X175.256 Y189.254 E337.73159
G1 X175.49 Y189.062 E337.74367
G1 X175.647 Y188.788 E337.75627
G1 X175.702 Y188.459 E337.76959
G1 X175.666 Y188.197 E337.78014
G1 X175.543 Y187.95 E337.79116
G1 X175.464 Y187.867 E337.79573
G1 X175.63 Y187.667 E337.8061
G1 X175.738 Y187.358 E337.81917
G1 X175.742 Y187.099 E337.82951
G1 X175.646 Y186.764 E337.84341
G1 X175.457 Y186.506 E337.85618
G1 X175.19 Y186.321 E337.86914
G1 X174.838 Y186.216 E337.8838
G1 X174.56 Y186.193 E337.89494
G1 X174.185 Y186.237 E337.91001
G1 X173.815 Y186.396 E337.92608
G1 X173.594 Y186.603 E337.93817
G1 X173.443 Y186.872 E337.95048
G1 X173.323 Y187.245 E337.96612
G1 X174.091 Y187.425 E337.9976
G1 X174.091 Y188.261 E338.03097
G1 X173.342 Y188.416 E338.06149
G0 F6000 X173.153 Y188.478
G0 X174.159 Y188.115
G0 X174.405 Y188.298
G1 F360 X174.682 Y188.329 E338.07262
G1 X174.721 Y188.395 E338.07568
G1 X174.644 Y188.48 E338.08026
G1 X174.503 Y188.472 E338.08589
G1 X174.405 Y188.298 E338.09386
G0 F6000 X174.356 Y187.395
G1 F360 X174.446 Y187.165 E338.10372
G1 X174.594 Y187.127 E338.10982
G1 X174.733 Y187.167 E338.11559
G1 X174.761 Y187.327 E338.12208
G1 X174.675 Y187.379 E338.12609
G1 X174.419 Y187.395 E338.13632
G1 X174.356 Y187.395 E338.13884
G1 F360 E337.13884
G0 F6000 X174.603 Y187.232
G0 X174.967 Y186.13
G0 X175.624 Y186.239
G1 F360 E338.13884
G0 F6000 X175.824 Y186.239
G1 F360 X175.824 Y189.377 E338.26408
G1 X176.933 Y189.377 E338.30835
G1 X177.265 Y189.358 E338.32162
G1 X177.6 Y189.297 E338.33521
G1 X177.905 Y189.192 E338.34808
G1 X178.19 Y189.023 E338.36131
G1 X178.424 Y188.799 E338.37424
G1 X178.598 Y188.524 E338.38722
G1 X178.716 Y188.167 E338.40223
G1 X178.749 Y187.799 E338.41698
G1 X178.715 Y187.457 E338.4307
G1 X178.602 Y187.125 E338.44469
G1 X178.433 Y186.857 E338.45734
G1 X178.211 Y186.631 E338.46998
G1 X177.945 Y186.458 E338.48265
G1 X177.655 Y186.337 E338.49519
G1 X177.335 Y186.263 E338.5083
G1 X177.015 Y186.239 E338.52111
G1 X175.824 Y186.239 E338.56864
G1 F360 E337.56864
G0 F6000 X175.624 Y186.239
G0 X179.903 Y186.039
G1 F360 E338.56864
G0 F6000 X179.903 Y186.239
G1 F360 X179.903 Y189.377 E338.69388
G1 X181.176 Y189.376 E338.74469
G1 X181.562 Y189.334 E338.76019
G1 X181.866 Y189.226 E338.77307
G1 X182.13 Y189.023 E338.78636
G1 X182.303 Y188.715 E338.80046
G1 X182.339 Y188.584 E338.80588
G1 X182.339 Y189.377 E338.83753
G1 X183.654 Y189.376 E338.89001
G1 X184.034 Y189.33 E338.90529
G1 X184.337 Y189.222 E338.91813
G1 X184.602 Y189.019 E338.93145
G1 X184.773 Y188.712 E338.94548
G1 X184.825 Y188.467 E338.95548
G1 X184.82 Y188.186 E338.96669
G1 X184.727 Y187.879 E338.9795
G1 X184.522 Y187.609 E338.99303
G1 X184.339 Y187.484 E339.00187
G1 X184.837 Y186.658 E339.04037
G1 X184.837 Y189.377 E339.14889
G1 X185.84 Y189.377 E339.18892
G1 X185.84 Y186.239 E339.31416
G1 X183.891 Y186.239 E339.39195
G1 X183.342 Y187.289 E339.43924
G1 X183.342 Y186.239 E339.48115
G1 X182.339 Y186.239 E339.52118
G1 X182.339 Y188.095 E339.59526
G1 X182.21 Y187.762 E339.60951
G1 X181.988 Y187.522 E339.62256
G1 X181.651 Y187.366 E339.63738
G1 X181.368 Y187.316 E339.64885
G1 X180.906 Y187.306 E339.6673
G1 X180.906 Y186.239 E339.70988
G1 X179.903 Y186.239 E339.74992
G1 F360 E338.74992
G0 F6000 X179.903 Y186.039
G0 X185.668 Y186.111
G0 X185.989 Y186.239
G1 F360 E339.74992
G1 X185.989 Y189.377 E339.87516
G1 X187.121 Y189.377 E339.92034
G1 X187.981 Y187.98 E339.98582
G1 X187.981 Y189.377 E340.04157
G1 X193.643 Y189.377 E340.26756
G1 X193.643 Y188.42 E340.30575
G1 X192.386 Y188.42 E340.35592
G1 X192.386 Y188.309 E340.36035
G1 X193.573 Y188.309 E340.40773
G1 X193.573 Y187.353 E340.44588
G1 X192.386 Y187.353 E340.49326
G1 X192.386 Y187.196 E340.49953
G1 X193.713 Y187.196 E340.55249
G1 X193.713 Y186.239 E340.59069
G1 X191.383 Y186.239 E340.68368
G1 X191.383 Y188.443 E340.77165
G1 X190.673 Y188.443 E340.79998
G1 X190.673 Y186.239 E340.88795
G1 X189.67 Y186.239 E340.92798
G1 X189.67 Y188.443 E341.01595
G1 X188.984 Y188.443 E341.04333
G1 X188.984 Y186.239 E341.1313
G1 X187.883 Y186.239 E341.17524
G1 X186.992 Y187.683 E341.24296
G1 X186.992 Y186.239 E341.30059
G1 X185.989 Y186.239 E341.34063
G0 F6000 X185.678 Y185.799
G0 X196.387 Y186.105
G0 X196.559 Y186.409
G0 X196.318 Y187.393
;TYPE:WALL-INNER
G1 F360 X196.4 Y187.257 E341.34696
G1 X196.4 Y187.393 E341.34731
G1 X196.4 Y187.502 E341.3511
G1 X196.318 Y187.393 E341.35238
G1 F360 E340.35238
G0 F6000 X196.579 Y186.443
G0 X196.387 Y186.105
G0 X193.968 Y186.111
G0 X193.796 Y186.239
;TYPE:WALL-OUTER
G1 F360 E341.35238
G1 X193.796 Y189.377 E341.47763
G1 X195.111 Y189.376 E341.53011
G1 X195.491 Y189.33 E341.54539
G1 X195.794 Y189.222 E341.55823
G1 X196.059 Y189.019 E341.57155
G1 X196.23 Y188.712 E341.58558
G1 X196.282 Y188.467 E341.59557
G1 X196.277 Y188.186 E341.60679
G1 X196.184 Y187.879 E341.61959
G1 X195.979 Y187.609 E341.63312
G1 X195.796 Y187.484 E341.64197
G1 X196.424 Y186.442 E341.69053
G1 X196.309 Y186.239 E341.69984
G1 X195.348 Y186.239 E341.73819
G1 X194.799 Y187.289 E341.78548
G1 X194.799 Y186.239 E341.82739
G1 X193.796 Y186.239 E341.86742
G0 F6000 X193.485 Y185.799
G1 F360 E340.86742
G0 F6000 X193.668 Y186.963
G0 X193.668 Y188.653
G0 X193.968 Y189.505
G0 X195.416 Y190.734
G0 X196.63 Y196.63
G1 F360 E341.86742
G0 F6000 X196.8 Y196.8
G1 F360 X173.033 Y196.8 E342.81602
G1 X173.033 Y173.033 E343.76461
G1 X196.8 Y173.033 E344.7132
G1 X196.8 Y196.8 E345.66179
G0 F6000 X196.63 Y196.63
G0 X196.579 Y186.443
G0 X196 Y185.439
;TYPE:WALL-INNER
G1 F360 X179.103 Y185.439 E346.33619
G1 X179.103 Y185.994 E346.35834
G1 X179.103 Y186.009 E346.35894
G1 X179.103 Y186.357 E346.37283
G1 X179.103 Y186.419 E346.3753
G1 X179.064 Y186.357
G1 X178.721 Y186.009 E346.38749
G1 X178.709 Y186.001 E346.38805
G1 X178.321 Y185.748 E346.40654
G1 X177.901 Y185.573 E346.4247
G1 X177.455 Y185.469 E346.44298
G1 X177.045 Y185.439 E346.45939
G1 X175.031 Y185.439 E346.53977
G1 X174.987 Y185.426 E346.5416
G1 X174.546 Y185.389 E346.55926
G1 X174.281 Y185.42 E346.56991
G1 X173.977 Y185.457 E346.58214
G1 X173.833 Y185.519 E346.58839
G1 X173.833 Y185.457
G1 X173.833 Y180.637 E346.78077
G1 X173.833 Y180.636 E346.78081
G1 X173.833 Y179.673 E346.81925
G1 X174.215 Y180.557 E346.83886
G1 X175.6 Y183.761 E346.97818
G1 X177.411 Y183.761 E347.05046
G1 X177.652 Y183.207 E347.07457
G1 X177.662 Y183.183 E347.07561
G1 X177.714 Y183.065 E347.08076
G1 X177.985 Y183.323 E347.09084
G1 X178.007 Y183.337 E347.09183
G1 X178.394 Y183.578 E347.11003
G1 X178.848 Y183.742 E347.12929
G1 X179.321 Y183.823 E347.14845
G1 X179.804 Y183.82 E347.16772
G1 X180.238 Y183.736 E347.18537
G1 X180.693 Y183.542 E347.20511
G1 X180.939 Y183.355 E347.21744
G1 X180.968 Y183.423
G1 X181.114 Y183.761 E347.23214
G1 X184.665 Y183.761 E347.37387
G1 X185.072 Y183.738 E347.39014
G1 X185.514 Y183.657 E347.40807
G1 X185.642 Y183.613 E347.41347
G1 X185.694 Y183.595 E347.41567
G1 X185.694 Y183.657 E347.41581
G1 X185.694 Y183.761 E347.41741
G1 X193.735 Y183.761 E347.73834
G1 X193.746 Y183.742 E347.73922
G1 X193.757 Y183.722 E347.74013
G1 X193.768 Y183.74 E347.74023
G1 X193.781 Y183.761 E347.74044
G1 X195.656 Y183.761 E347.81527
G1 X196 Y183.129 E347.84399
G1 X196 Y183.761 E347.85435
G1 X196 Y185.439 E347.92133
G0 F6000 X195.6 Y185.039
G1 F360 X178.703 Y185.039 E348.59572
G1 X178.703 Y185.24 E348.60374
G1 X178.703 Y185.393 E348.60985
G1 X178.703 Y185.52 E348.61492
G1 X178.509 Y185.393 E348.61934
G1 X178.368 Y185.335 E348.62412
G1 X178.024 Y185.191 E348.63901
G1 X177.515 Y185.072 E348.65987
G1 X177.06 Y185.039 E348.67808
G1 X175.089 Y185.039 E348.75674
G1 X175.061 Y185.031 E348.75791
G1 X174.539 Y184.987 E348.77881
G1 X174.233 Y185.024 E348.79112
G1 X174.233 Y184.987
G1 X174.233 Y182.571 E348.88754
G1 X174.233 Y182.57 E348.88758
G1 X174.233 Y181.607 E348.92602
G1 X174.615 Y182.491 E348.94564
G1 X175.337 Y184.161 E349.01825
G1 X177.673 Y184.161 E349.11149
G1 X177.773 Y183.932 E349.12146
G1 X177.774 Y183.931 E349.12152
G1 X177.865 Y183.72 E349.13069
G1 X178.061 Y183.842 E349.13641
G1 X178.218 Y183.94 E349.14379
G1 X178.745 Y184.13 E349.16615
G1 X179.288 Y184.223 E349.18814
G1 X179.844 Y184.22 E349.21033
G1 X180.356 Y184.121 E349.23115
G1 X180.759 Y183.948 E349.24865
G1 X180.851 Y184.161 E349.25791
G1 X184.676 Y184.161 E349.41057
G1 X185.12 Y184.136 E349.42832
G1 X185.283 Y184.106 E349.43494
G1 X185.294 Y184.104 E349.43538
G1 X185.294 Y184.136
G1 X185.294 Y184.161
G1 X195.6 Y184.161 E349.84672
G1 X195.6 Y185.039 E349.88176
G0 F6000 X196 Y182.368
G1 F360 X195.634 Y181.809 E349.90843
G1 X195.032 Y180.891 E349.95224
G1 X195.032 Y179.023 E350.0268
G1 X185.694 Y179.023 E350.3995
G1 X185.694 Y179.157 E350.40485
G1 X185.694 Y179.191 E350.40621
G1 X185.635 Y179.167
G1 X185.612 Y179.157
G1 X185.169 Y179.053 E350.42437
G1 X184.757 Y179.023 E350.44085
G1 X182.105 Y179.023 E350.5467
G1 X182.082 Y179.081 E350.54919
G1 X182.019 Y179.237 E350.55591
G1 X181.958 Y179.081 E350.55732
G1 X181.935 Y179.023
G1 X180.076 Y179.023 E350.63151
G1 X179.803 Y178.964 E350.64266
G1 X179.322 Y178.961 E350.66186
G1 X178.955 Y179.023 E350.67671
G1 X176.592 Y179.023 E350.77103
G1 X176.568 Y179.082 E350.77357
G1 X176.505 Y179.238 E350.78028
G1 X176.444 Y179.081 E350.78172
G1 X176.421 Y179.023
G1 X173.833 Y179.023 E350.88501
G1 X173.833 Y173.833 E351.09215
G1 X196 Y173.833 E351.97689
G1 X196 Y181.7 E352.29088
G1 X196 Y182.368 E352.30477
G0 F6000 X195.6 Y181.028
G1 F360 X195.432 Y180.771 E352.31702
G1 X195.432 Y178.623 E352.40275
G1 X185.294 Y178.623 E352.80738
G1 X185.294 Y178.656 E352.8087
G1 X185.294 Y178.671 E352.8093
G1 X185.284 Y178.669
G1 X185.23 Y178.656 E352.81026
G1 X184.772 Y178.623 E352.82859
G1 X180.119 Y178.623 E353.0143
G1 X179.847 Y178.564 E353.02541
G1 X179.29 Y178.561 E353.04764
G1 X178.923 Y178.623 E353.06249
G1 X174.233 Y178.623 E353.24968
G1 X174.233 Y174.233 E353.42489
G1 X195.6 Y174.233 E354.2777
G1 X195.6 Y178.623 E354.45291
G1 X195.6 Y180.771 E354.48901
G1 X195.6 Y181.028 E354.49076
G0 F6000 X195.49 Y178.233
G0 X195.21 Y178.233
;TYPE:SKIN
G1 F360 X184.904 Y178.233 E354.90209
G1 X180.161 Y178.233 E355.0914
G1 X179.89 Y178.174 E355.10247
G1 X179.258 Y178.171 E355.12769
G1 X178.894 Y178.233 E355.14243
G1 X174.623 Y178.233 E355.31289
G1 X174.623 Y174.623 E355.45698
G1 X195.21 Y174.623 E356.27865
G1 X195.21 Y178.233 E356.42273
G0 F6000 X195.49 Y178.233
G0 X195.49 Y175.25
G0 X195.049 Y175.25
G1 F360 X194.582 Y174.783 E356.44909
G0 F6000 X194.016 Y174.783
G1 F360 X195.049 Y175.815 E356.50737
G0 F6000 X195.049 Y176.381
G1 F360 X193.45 Y174.783 E356.5976
G0 F6000 X192.885 Y174.783
G1 F360 X195.049 Y176.947 E356.71974
G0 F6000 X195.049 Y177.512
G1 F360 X192.319 Y174.783 E356.87381
G0 F6000 X191.753 Y174.783
G1 F360 X195.043 Y178.072 E357.05948
G0 F6000 X194.477 Y178.072
G1 F360 X191.188 Y174.783 E357.24513
G0 F6000 X190.622 Y174.783
G1 F360 X193.912 Y178.072 E357.4308
G0 F6000 X193.346 Y178.072
G1 F360 X190.056 Y174.783 E357.61647
G0 F6000 X189.491 Y174.783
G1 F360 X192.78 Y178.072 E357.80212
G0 F6000 X192.214 Y178.072
G1 F360 X188.925 Y174.783 E357.98776
G0 F6000 X188.359 Y174.783
G1 F360 X191.649 Y178.072 E358.17344
G0 F6000 X191.083 Y178.072
G1 F360 X187.794 Y174.783 E358.35908
G0 F6000 X187.228 Y174.783
G1 F360 X190.517 Y178.072 E358.54473
G0 F6000 X189.952 Y178.072
G1 F360 X186.662 Y174.783 E358.7304
G0 F6000 X186.097 Y174.783
G1 F360 X189.386 Y178.072 E358.91605
G0 F6000 X188.82 Y178.072
G1 F360 X185.531 Y174.783 E359.10169
G0 F6000 X184.965 Y174.783
G1 F360 X188.255 Y178.072 E359.28737
G0 F6000 X187.689 Y178.072
G1 F360 X184.4 Y174.783 E359.47301
G0 F6000 X183.834 Y174.783
G1 F360 X187.123 Y178.072 E359.65866
G0 F6000 X186.558 Y178.072
G1 F360 X183.268 Y174.783 E359.84433
G0 F6000 X182.702 Y174.783
G1 F360 X185.992 Y178.072 E360.03
G0 F6000 X185.426 Y178.072
G1 F360 X182.137 Y174.783 E360.21565
G0 F6000 X181.571 Y174.783
G1 F360 X184.861 Y178.072 E360.40132
G0 F6000 X184.295 Y178.072
G1 F360 X181.005 Y174.783 E360.587
G0 F6000 X180.44 Y174.783
G1 F360 X183.729 Y178.072 E360.77264
G0 F6000 X183.163 Y178.072
G1 F360 X179.874 Y174.783 E360.95829
G0 F6000 X179.308 Y174.783
G1 F360 X182.598 Y178.072 E361.14396
G0 F6000 X182.032 Y178.072
G1 F360 X178.743 Y174.783 E361.32961
G0 F6000 X178.177 Y174.783
G1 F360 X181.466 Y178.072 E361.51525
G0 F6000 X180.901 Y178.072
G1 F360 X177.611 Y174.783 E361.70092
G0 F6000 X177.046 Y174.783
G1 F360 X180.335 Y178.072 E361.88657
G0 F6000 X179.709 Y178.012
G1 F360 X176.48 Y174.783 E362.06883
G0 F6000 X175.914 Y174.783
G1 F360 X179.156 Y178.024 E362.25179
G0 F6000 X178.637 Y178.072
G1 F360 X175.349 Y174.783 E362.43741
G0 F6000 X174.782 Y174.782
G1 F360 X178.072 Y178.072 E362.62311
G0 F6000 X177.506 Y178.072
G1 F360 X174.782 Y175.348 E362.77687
G0 F6000 X174.782 Y175.914
G1 F360 X176.94 Y178.072 E362.89867
G0 F6000 X176.375 Y178.072
G1 F360 X174.782 Y176.479 E362.98859
G0 F6000 X174.782 Y177.045
G1 F360 X175.809 Y178.072 E363.04656
G0 F6000 X175.243 Y178.072
G1 F360 X174.782 Y177.611 E363.07258
G0 F6000 X174.343 Y177.611
G0 X174.879 Y183.381
G0 X174.623 Y183.491
G1 F360 X175.081 Y184.551 E363.11867
G1 X177.928 Y184.551 E363.2323
G1 X178.042 Y184.29 E363.24366
G1 X178.046 Y184.293 E363.24386
G1 X178.645 Y184.508 E363.26926
G1 X179.256 Y184.613 E363.29401
G1 X179.883 Y184.61 E363.31903
G1 X180.471 Y184.496 E363.34294
G1 X180.556 Y184.46 E363.34662
G1 X180.595 Y184.551 E363.35057
G1 X184.687 Y184.551 E363.51389
G1 X195.21 Y184.551 E363.93389
G1 X195.21 Y184.649 E363.9378
G1 X178.313 Y184.649 E364.6122
G1 X178.313 Y184.889 E364.62178
G1 X178.145 Y184.819 E364.62904
G1 X177.574 Y184.686 E364.65244
G1 X177.074 Y184.649 E364.67245
G1 X175.146 Y184.649 E364.7494
G1 X175.133 Y184.645 E364.74994
G1 X174.623 Y184.603 E364.77037
G1 X174.623 Y183.491 E364.81475
G0 F6000 X174.556 Y183.324
;TYPE:SKIN
G1 F360 X174.393 Y183.161 E364.81935
G0 F6000 X174.393 Y182.878
G1 F360 X174.773 Y183.258 E364.83007
G0 F6000 X174.557 Y182.76
G1 F360 X174.393 Y182.595 E364.83472
G0 F6000 X174.423 Y182.525
G0 X173.161 Y187.337
G0 X173.178 Y188.322
G0 X173.438 Y188.991
G0 X175.042 Y190.692
G0 X175.087 Y190.967
;TYPE:SKIN
G1 F360 X176.977 Y190.967 E364.91015
G1 X177.453 Y190.94 E364.92918
G1 X178.003 Y190.839 E364.9515
G1 X178.313 Y190.733 E364.96457
G1 X178.313 Y190.967 E364.97391
G1 X195.21 Y190.966 E365.64831
G1 X195.21 Y195.21 E365.8177
G1 X174.623 Y195.21 E366.63937
G1 X174.623 Y191.005 E366.8072
G1 X175.087 Y190.967 E366.82578
G0 F6000 X175.042 Y190.692
G0 X174.415 Y190.796
G0 X174.415 Y195.418
G0 X175.25 Y195.49
G0 X175.25 Y195.049
G1 F360 X174.783 Y194.582 E366.85214
G0 F6000 X174.783 Y194.016
G1 F360 X175.815 Y195.049 E366.91042
G0 F6000 X176.381 Y195.049
G1 F360 X174.783 Y193.45 E367.00065
G0 F6000 X174.783 Y192.885
G1 F360 X176.947 Y195.049 E367.12279
G0 F6000 X177.512 Y195.049
G1 F360 X174.783 Y192.319 E367.27686
G0 F6000 X174.783 Y191.753
G1 F360 X178.078 Y195.049 E367.46287
G0 F6000 X178.644 Y195.049
G1 F360 X174.783 Y191.188 E367.6808
G0 F6000 X175.286 Y191.126
G1 F360 X179.209 Y195.049 E367.90223
G0 F6000 X179.775 Y195.049
G1 F360 X175.852 Y191.126 E368.12366
G0 F6000 X176.418 Y191.126
G1 F360 X180.341 Y195.049 E368.34509
G0 F6000 X180.906 Y195.049
G1 F360 X176.983 Y191.126 E368.56652
G0 F6000 X177.514 Y191.091
G1 F360 X181.472 Y195.049 E368.78993
G0 F6000 X182.038 Y195.049
G1 F360 X177.992 Y191.002 E369.01833
G0 F6000 X178.681 Y191.126
G1 F360 X182.603 Y195.049 E369.23974
G0 F6000 X183.169 Y195.049
G1 F360 X179.247 Y191.126 E369.46114
G0 F6000 X179.813 Y191.126
G1 F360 X183.735 Y195.049 E369.68254
G0 F6000 X184.301 Y195.049
G1 F360 X180.378 Y191.126 E369.90397
G0 F6000 X180.944 Y191.126
G1 F360 X184.866 Y195.049 E370.12537
G0 F6000 X185.432 Y195.049
G1 F360 X181.51 Y191.126 E370.34678
G0 F6000 X182.075 Y191.126
G1 F360 X185.998 Y195.049 E370.56821
G0 F6000 X186.563 Y195.049
G1 F360 X182.641 Y191.126 E370.78961
G0 F6000 X183.207 Y191.126
G1 F360 X187.129 Y195.049 E371.01101
G0 F6000 X187.695 Y195.049
G1 F360 X183.772 Y191.126 E371.23245
G0 F6000 X184.338 Y191.126
G1 F360 X188.26 Y195.049 E371.45385
G0 F6000 X188.826 Y195.049
G1 F360 X184.904 Y191.126 E371.67525
G0 F6000 X185.469 Y191.126
G1 F360 X189.392 Y195.049 E371.89668
G0 F6000 X189.957 Y195.049
G1 F360 X186.035 Y191.126 E372.11809
G0 F6000 X186.601 Y191.126
G1 F360 X190.523 Y195.049 E372.33949
G0 F6000 X191.089 Y195.049
G1 F360 X187.166 Y191.126 E372.56092
G0 F6000 X187.732 Y191.126
G1 F360 X191.654 Y195.049 E372.78232
G0 F6000 X192.22 Y195.049
G1 F360 X188.298 Y191.126 E373.00372
G0 F6000 X188.863 Y191.126
G1 F360 X192.786 Y195.049 E373.22516
G0 F6000 X193.351 Y195.049
G1 F360 X189.429 Y191.126 E373.44656
G0 F6000 X189.995 Y191.126
G1 F360 X193.917 Y195.049 E373.66796
G0 F6000 X194.483 Y195.049
G1 F360 X190.561 Y191.126 E373.88936
G0 F6000 X191.126 Y191.126
G1 F360 X195.049 Y195.049 E374.1108
G0 F6000 X195.049 Y194.484
G1 F360 X191.692 Y191.126 E374.30031
G0 F6000 X192.258 Y191.126
G1 F360 X195.049 Y193.918 E374.45787
G0 F6000 X195.049 Y193.352
G1 F360 X192.823 Y191.126 E374.58352
G0 F6000 X193.389 Y191.126
G1 F360 X195.049 Y192.787 E374.67724
G0 F6000 X195.049 Y192.221
G1 F360 X193.955 Y191.126 E374.73902
G0 F6000 X194.52 Y191.126
G1 F360 X195.049 Y191.655 E374.76888
G0 F6000 X195.49 Y191.655
G0 X196.224 Y189.718
G0 X196.195 Y189.689
;TYPE:SKIN
G1 F360 X196.361 Y189.007 E374.77832
G1 X196.535 Y188.616 E374.78408
G1 X196.526 Y187.758 E374.79562
G1 X196.37 Y187.036 E374.80556
G1 X196.571 Y186.671 E374.81116
G1 X196.544 Y186.079 E374.81913
G0 F6000 X196.464 Y185.999
G0 X195.177 Y186.135
G0 X195.124 Y186.073
G1 F360 X195.036 Y186.268 E374.82697
G0 F6000 X195.08 Y186.321
G0 X195.966 Y182.955
G0 X195.924 Y182.913
G1 F360 X196.046 Y182.752 E374.83523
G1 X196.154 Y182.578 E374.84361
G0 F6000 X195.727 Y181.585
G1 F360 X195.719 Y181.294 E374.85471
G0 F6000 X195.614 Y181.189
G0 X194.36 Y179.695
G0 X193.101 Y179.695
G0 X192.884 Y181.294
G0 X192.865 Y181.269
G1 F360 X192.682 Y181.369 E374.86014
G1 X192.626 Y181.595 E374.86621
G0 F6000 X192.661 Y181.635
G0 X192.528 Y179.695
G0 X189.078 Y179.695
G0 X188.778 Y180.547
G0 X188.778 Y182.237
G0 X189.078 Y183.089
G0 X190.255 Y183.093
G0 X190.675 Y182.219
G0 X190.675 Y182.19
G1 F360 X190.681 Y182.478 E374.86845
G1 X190.502 Y182.582 E374.87006
G1 X190.624 Y183.552 E374.87766
G0 F6000 X190.672 Y183.6
G0 X195.418 Y184.343
G0 X195.418 Y184.857
G0 X191.09 Y185.999
G0 X191.148 Y186.057
G1 F360 X191.027 Y186.219 E374.88546
G1 X191.027 Y187.916 E374.95086
G1 X190.971 Y188.142 E374.95984
G0 F6000 X191.096 Y188.243
G0 X190.801 Y186.111
G0 X189.542 Y186.111
G0 X189.47 Y188.08
G0 X189.326 Y187.911
G1 F360 X189.326 Y187.629 E374.97094
G1 X189.326 Y186.214 E375.02663
G1 X189.443 Y186.049 E375.03459
G0 F6000 X189.5 Y186.069
G0 X189.184 Y188.026
G0 X189.158 Y188.026
G1 F360 X189.399 Y188.267 E375.0414
G0 F6000 X189.399 Y188.243
G0 X189.1 Y188.317
G0 X189.112 Y188.676
G0 X188.812 Y188.676
G0 X188.812 Y189.505
G0 X187.853 Y189.505
G0 X187.781 Y188.937
G0 X187.741 Y188.872
G1 F360 X187.686 Y189.101 E375.04713
G1 X187.482 Y189.179 E375.05245
G0 F6000 X187.482 Y189.171
G0 X187.196 Y189.511
G0 X186.161 Y189.505
G0 X186.161 Y186.111
G0 X187.12 Y186.111
G0 X187.216 Y186.94
G0 X187.201 Y186.918
G1 F360 X187.255 Y186.689 E375.05922
G1 X187.349 Y186.501 E375.06526
G0 F6000 X187.431 Y186.591
G0 X187.12 Y186.111
G0 X183.779 Y186.054
G0 X183.763 Y186.025
G1 F360 X183.604 Y186.15 E375.06933
G1 X183.556 Y186.385 E375.07415
G0 F6000 X183.575 Y186.413
G0 X183.47 Y186.111
G0 X182.211 Y186.111
G0 X181.763 Y186.289
G0 X181.622 Y186.147
G1 F360 X181.622 Y185.864 E375.0813
G1 X181.7 Y185.66 E375.08681
G1 X181.589 Y186.68 E375.11274
G0 F6000 X181.481 Y186.572
G0 X181.034 Y186.111
G0 X179.775 Y186.111
G0 X179.327 Y186.681
G0 X179.264 Y186.618
G1 F360 X179.154 Y186.791 E375.11825
G1 X179.268 Y187.187 E375.12932
G0 F6000 X179.327 Y187.247
G0 X179.199 Y188.533
G0 X179.263 Y188.597
G1 F360 X179.227 Y188.844 E375.13283
G1 X179.099 Y188.999 E375.13565
G1 X178.852 Y189.883 E375.14854
G0 F6000 X178.928 Y189.959
G0 X182.008 Y189.367
G0 X181.994 Y189.348
G1 F360 X182.057 Y189.411 E375.15032
G0 F6000 X183.661 Y189.515
G0 X184.519 Y189.333
G0 X184.505 Y189.313
G1 F360 X184.579 Y189.387 E375.1524
G0 F6000 X183.661 Y189.515
G0 X179.775 Y189.505
G0 X178.928 Y185.716
G0 X178.883 Y185.671
G1 F360 X178.698 Y185.769 E375.1573
G0 F6000 X178.741 Y185.812
G0 X174.417 Y184.817
G0 X174.435 Y182.583
G0 X175.458 Y182.999
G0 X177.823 Y183.48
G0 X177.788 Y183.445
G1 F360 X177.686 Y182.777 E375.16279
G1 X177.512 Y182.037 E375.16897
G1 X177.698 Y181.94 E375.17068
G1 X177.696 Y181.656 E375.17299
G0 F6000 X177.682 Y181.633
G0 X177.943 Y182.272
G0 X178.394 Y182.8
G0 X179.015 Y183.1
G0 X179.737 Y183.159
G0 X180.359 Y182.965
G0 X180.644 Y182.75
G0 X180.947 Y182.389
G0 X179.981 Y181.599
G0 X179.115 Y181.352
G0 X179.113 Y181.376
G1 F360 X179.291 Y180.988 E375.17494
G1 X179.532 Y180.947 E375.17606
G1 X179.576 Y181.839 E375.18015
G0 F6000 X179.599 Y181.85
G0 X179.981 Y181.599
G0 X180.689 Y182.085
G0 X180.723 Y182.137
G1 F360 X181.001 Y182.133 E375.19164
G0 F6000 X181.138 Y182.302
G0 X181.553 Y183.094
G0 X182.488 Y183.094
G0 X183.069 Y181.925
G0 X183.157 Y182.026
G1 F360 X183.245 Y181.831 E375.19716
G1 X183.342 Y181.362 E375.20949
G0 F6000 X183.325 Y181.345
G0 X183.408 Y183.089
G0 X188.581 Y183.089
G0 X188.581 Y182.176
G0 X187.325 Y181.722
G0 X188.812 Y181.722
G0 X188.812 Y181.109
G0 X187.325 Y181.109
G0 X188.651 Y180.608
G0 X188.651 Y179.695
G0 X182.556 Y179.69
G0 X182.041 Y179.779
G0 X181.997 Y179.734
G1 F360 X182.032 Y179.486 E375.21709
G0 F6000 X181.942 Y179.396
G0 X179.864 Y179.578
G0 X178.638 Y179.761
G0 X178.583 Y179.715
G1 F360 X178.453 Y179.867 E375.22198
G0 F6000 X178.463 Y179.868
G0 X176.65 Y179.478
G0 X176.609 Y179.437
G1 F360 X176.459 Y179.57 E375.23044
G0 F6000 X176.568 Y179.68
G0 X173.91 Y179.284
G0 X173.859 Y179.233
G1 F360 X173.727 Y179.384 E375.24013
G0 F6000 X173.848 Y179.505
G0 X174.007 Y180.795
G0 X174.114 Y180.902
G1 F360 X174.177 Y181.248 E375.25266
G1 X174.06 Y181.414 E375.2599
G0 F6000 X174.007 Y181.361
G0 X174.417 Y184.817
G0 X175.133 Y185.598
G0 X175.191 Y185.656
G1 F360 X175.529 Y186.277 E375.26779
G1 X175.63 Y186.095 E375.27011
G0 F6000 X175.612 Y186.077
G0 X174.56 Y186.053
G0 X174.19 Y186.096
G0 X173.454 Y186.461
G0 X173.393 Y186.403
G1 F360 X173.285 Y186.579 E375.2747
G1 X173.225 Y186.802 E375.27984
G0 F6000 X173.244 Y186.821
G0 X173.161 Y187.337
G0 X173.165 Y187.615
G0 X173.233 Y188.775
G0 X173.272 Y188.829
G1 F360 X173.303 Y189.142 E375.28342
G1 X173.723 Y189.845 E375.29274
G0 F6000 X173.786 Y189.908
G0 X175.195 Y189.903
G0 X175.222 Y189.93
G1 F360 X175.495 Y189.354 E375.29647
G0 F6000 X175.472 Y189.335
G0 X175.696 Y189.505
G0 X177.286 Y189.495
G0 X177.96 Y189.321
G0 X178.274 Y189.133
G0 X178.535 Y188.885
G0 X178.725 Y188.586
G0 X178.855 Y188.194
G0 X178.852 Y187.43
G0 X178.077 Y185.028
G0 X174.417 Y184.817
G0 X174.435 Y182.583
G0 X175.973 Y183.095
G0 X182.835 Y183.4
G1 F360 X182.961 Y183.526 E375.30003
G0 F6000 X185.402 Y182.967
G0 X186.093 Y182.701
G0 X186.173 Y182.779
G1 F360 X186.269 Y182.592 E375.30832
G0 F6000 X186.238 Y182.562
G0 X186.366 Y183.089
G0 X188.581 Y183.089
G0 X188.581 Y182.176
G0 X187.325 Y181.722
G0 X188.812 Y181.722
G0 X188.812 Y181.109
G0 X187.325 Y181.109
G0 X188.651 Y180.608
G0 X188.651 Y179.695
G0 X186.366 Y179.695
G0 X186.294 Y180.095
G0 X186.318 Y180.095
G1 F360 X186.198 Y179.975 E375.31171
G0 F6000 X186.349 Y179.723
G0 X191.179 Y179.583
G1 F360 X191.22 Y179.624 E375.31286
G0 F6000 X191.014 Y179.323
G1 F360 E374.31286
G0 F6000 X195.418 Y178.441
G0 X195.418 Y174.415
G0 X186.094 Y173.153
G0 X186.094 Y172.168
G0 X186.094 Y47.832
G0 X186.094 Y46.847
G0 X195.418 Y45.585
G0 X195.416 Y40.9
G0 X186.094 Y40.912
G0 X186.094 Y35.036
G0 X195.418 Y35.024
G0 X195.418 Y34.51
G0 X188.581 Y33.256
G0 X188.581 Y32.343
G0 X187.325 Y31.888
G0 X188.812 Y31.888
G0 X188.812 Y31.276
G0 X187.325 Y31.276
G0 X188.651 Y30.775
G0 X188.651 Y29.862
G0 X186.366 Y29.862
G0 X186.094 Y30.017
;TYPE:WALL-INNER
G1 F360 E375.31286
G1 X185.899 Y29.89 E375.32215
G1 X185.844 Y29.854 E375.32477
G1 X185.489 Y29.706 E375.34012
G1 X185.108 Y29.617 E375.35574
G1 X184.742 Y29.59 E375.37039
G1 X182.375 Y29.59 E375.46486
G1 X182.209 Y30 E375.48251
G1 X182.141 Y30.17 E375.48982
G1 X181.889 Y30.17 E375.49988
G1 X181.822 Y29.999 E375.50595
G1 X181.662 Y29.59 E375.52348
G1 X180.039 Y29.59 E375.58826
G1 X179.758 Y29.531 E375.59972
G1 X179.353 Y29.528 E375.61588
G1 X179.024 Y29.583 E375.6292
G1 X178.953 Y29.596 E375.63208
G1 X178.875 Y29.624 E375.63539
G1 X178.842 Y29.636 E375.63679
G1 X178.862 Y29.59
G1 X178.842 Y29.59
G1 X176.862 Y29.59 E375.71581
G1 X176.696 Y30 E375.73347
G1 X176.627 Y30.17 E375.74079
G1 X176.375 Y30.17 E375.75085
G1 X176.308 Y29.999 E375.75692
G1 X176.148 Y29.59 E375.77445
G1 X174.464 Y29.59 E375.84166
G1 X174.463 Y29.59 E375.8417
G1 X174.161 Y29.59 E375.85375
G1 X174.281 Y29.868 E375.86079
G1 X175.863 Y33.528 E376.01993
G1 X177.149 Y33.528 E376.07125
G1 X177.495 Y32.733 E376.10586
G1 X177.591 Y32.512 E376.11548
G1 X177.643 Y32.392 E376.1207
G1 X177.713 Y32.564 E376.12323
G1 X177.849 Y32.763 E376.13004
G1 X177.939 Y32.894 E376.13638
G1 X178.231 Y33.172 E376.15247
G1 X178.57 Y33.382 E376.16839
G1 X178.951 Y33.522 E376.18459
G1 X179.354 Y33.59 E376.2009
G1 X179.763 Y33.587 E376.21722
G1 X180.08 Y33.527 E376.2301
G1 X180.441 Y33.387 E376.24555
G1 X180.739 Y33.184 E376.25995
G1 X180.797 Y33.129 E376.26314
G1 X180.836 Y33.092 E376.26528
G1 X181.074 Y32.827 E376.2795
G1 X181.133 Y32.963 E376.28019
G1 X181.154 Y33.012 E376.28215
G1 X181.377 Y33.528 E376.30459
G1 X182.663 Y33.528 E376.35591
G1 X182.754 Y33.319 E376.36501
G1 X183.136 Y32.441 E376.40323
G1 X183.136 Y33.398 E376.42273
G1 X183.136 Y33.399 E376.42277
G1 X183.136 Y33.528 E376.42791
G1 X184.655 Y33.528 E376.48854
G1 X185.024 Y33.507 E376.50329
G1 X185.413 Y33.436 E376.51907
G1 X185.787 Y33.308 E376.53485
G1 X185.915 Y33.231 E376.54081
G1 X186.094 Y33.124 E376.54914
G1 X186.094 Y33.308 E376.55133
G1 X186.094 Y33.528 E376.55762
G1 X190.444 Y33.528 E376.73124
G1 X190.655 Y32.929 E376.75658
G1 X190.819 Y33.394 E376.76561
G1 X190.867 Y33.528 E376.77129
G1 X193.501 Y33.528 E376.87642
G1 X193.578 Y33.392 E376.88266
G1 X193.579 Y33.391 E376.88271
G1 X193.746 Y33.094 E376.89631
G1 X193.922 Y33.387 E376.90405
G1 X194.007 Y33.528 E376.91062
G1 X195.418 Y33.528 E376.96694
G1 X195.76 Y32.899 E376.99551
G1 X194.632 Y31.178 E377.07764
G1 X194.632 Y29.59 E377.14102
G1 X192.829 Y29.59 E377.21299
G1 X192.829 Y31.178 E377.27637
G1 X192.8 Y31.223 E377.2785
G1 X192.8 Y31.178
G1 X192.8 Y29.59 E377.28311
G1 X186.094 Y29.59 E377.55076
G1 X186.094 Y29.854 E377.55827
G1 X186.094 Y30.017 E377.55953
G0 F6000 X186.494 Y29.99
;TYPE:WALL-OUTER
G1 F360 X186.494 Y33.128 E377.68478
G1 X188.753 Y33.128 E377.77494
G1 X188.753 Y32.171 E377.81314
G1 X187.497 Y32.171 E377.86327
G1 X187.497 Y32.06 E377.8677
G1 X188.684 Y32.06 E377.91507
G1 X188.684 Y31.104 E377.95323
G1 X187.497 Y31.104 E378.0006
G1 X187.497 Y30.947 E378.00687
G1 X188.823 Y30.947 E378.05979
G1 X188.823 Y29.99 E378.09799
G1 X186.494 Y29.99 E378.19095
G1 F360 E377.19095
G0 F6000 X186.294 Y29.99
G0 X188.651 Y29.862
G0 X188.906 Y29.99
G1 F360 E378.19095
G1 X188.906 Y33.128 E378.31619
G1 X190.161 Y33.128 E378.36628
G1 X190.654 Y31.729 E378.42548
G1 X191.15 Y33.128 E378.48472
G1 X193.268 Y33.128 E378.56926
G1 X193.736 Y32.3 E378.60722
G1 X194.233 Y33.128 E378.64576
G1 X195.18 Y33.128 E378.68356
G1 X195.294 Y32.918 E378.6931
G1 X194.232 Y31.298 E378.77041
G1 X194.232 Y29.99 E378.82261
G1 X193.229 Y29.99 E378.86265
G1 X193.229 Y31.298 E378.91485
G1 X192.4 Y32.564 E378.97525
G1 X192.4 Y29.99 E379.07798
G1 X191.396 Y29.99 E379.11806
G1 X191.396 Y31.1 E379.16236
G1 X191.012 Y29.99 E379.20924
G1 X190.265 Y29.99 E379.23905
G1 X189.91 Y31.055 E379.28386
G1 X189.91 Y29.99 E379.32636
G1 X188.906 Y29.99 E379.36643
G0 F6000 X188.595 Y29.55
G0 X174.585 Y29.869
G0 X176.039 Y33.261
G0 X179.739 Y33.326
G0 X180.32 Y33.155
G0 X180.648 Y32.912
G0 X180.949 Y32.559
G0 X179.544 Y31.314
;TYPE:WALL-INNER
G1 F360 X179.62 Y31.41 E379.37132
G1 X179.768 Y31.597 E379.38084
G1 X179.558 Y31.816 E379.39295
G1 X179.43 Y31.815 E379.39806
G1 X179.317 Y31.651 E379.40601
G1 X179.314 Y31.474 E379.41214
G1 X179.4 Y31.31 E379.41953
G1 X179.544 Y31.314 E379.42528
G0 F6000 X180.203 Y31.597
G1 F360 X180.46 Y31.405 E379.43809
G1 X180.489 Y31.473
G1 X180.728 Y32.027 E379.46217
G1 X180.263 Y31.646 E379.47112
G1 X180.203 Y31.597
G1 F360 E378.47112
G0 F6000 X180.949 Y32.559
G0 X180.575 Y32.982
G0 X180.006 Y33.277
G0 X179.376 Y33.329
G0 X178.686 Y33.147
G0 X178.135 Y32.72
G0 X176.974 Y33.261
G0 X176.039 Y33.261
G0 X174.585 Y29.869
G0 X179.728 Y29.792
G0 X180.339 Y29.945
G1 F360 E379.47112
G0 F6000 X180.284 Y29.99
;TYPE:WALL-OUTER
G1 F360 X180.334 Y30.134 E379.4772
G1 X180.029 Y29.997 E379.49055
G1 X179.715 Y29.931 E379.50335
G1 X179.385 Y29.928 E379.51653
G1 X179.055 Y29.984 E379.52988
G1 X178.746 Y30.096 E379.543
G1 X178.479 Y30.259 E379.55549
G1 X178.246 Y30.481 E379.56833
G1 X178.068 Y30.743 E379.58097
G1 X177.943 Y31.055 E379.59439
G1 X177.883 Y31.389 E379.60793
G1 X177.883 Y31.727 E379.62142
G1 X177.942 Y32.062 E379.635
G1 X178.068 Y32.374 E379.64843
G1 X178.245 Y32.633 E379.66095
G1 X178.477 Y32.854 E379.67374
G1 X178.746 Y33.021 E379.68638
G1 X179.054 Y33.134 E379.69947
G1 X179.386 Y33.19 E379.71291
G1 X179.724 Y33.187 E379.7264
G1 X179.97 Y33.141 E379.73639
G1 X180.254 Y33.031 E379.74854
G1 X180.487 Y32.872 E379.7598
G1 X180.549 Y32.813 E379.76322
G1 X180.765 Y32.573 E379.7761
G1 X179.992 Y31.942 E379.81593
G1 X179.791 Y32.152 E379.82753
G1 X179.608 Y32.23 E379.83547
G1 X179.492 Y32.24 E379.84012
G1 X179.237 Y32.18 E379.85058
G1 X179.018 Y31.98 E379.86241
G1 X178.918 Y31.73 E379.87316
G1 X178.913 Y31.407 E379.88605
G1 X179.002 Y31.158 E379.89661
G1 X179.155 Y30.984 E379.90585
G1 X179.356 Y30.89 E379.91471
G1 X179.6 Y30.891 E379.92445
G1 X179.798 Y30.995 E379.93338
G1 X179.837 Y31.038 E379.93569
G1 X180.002 Y31.248 E379.94635
G1 X180.626 Y30.782 E379.97744
G1 X181.64 Y33.128 E380.07944
G1 X182.401 Y33.128 E380.10981
G1 X183.536 Y30.519 E380.22337
G1 X183.536 Y33.128 E380.3275
G1 X184.644 Y33.128 E380.37173
G1 X184.977 Y33.109 E380.38504
G1 X185.312 Y33.048 E380.39863
G1 X185.618 Y32.943 E380.41154
G1 X185.901 Y32.774 E380.4247
G1 X186.136 Y32.55 E380.43765
G1 X186.31 Y32.275 E380.45064
G1 X186.428 Y31.918 E380.46565
G1 X186.46 Y31.55 E380.48039
G1 X186.427 Y31.207 E380.49415
G1 X186.314 Y30.876 E380.5081
G1 X186.145 Y30.607 E380.52078
G1 X185.923 Y30.383 E380.53337
G1 X185.656 Y30.209 E380.54609
G1 X185.366 Y30.088 E380.55863
G1 X185.047 Y30.014 E380.5717
G1 X184.727 Y29.99 E380.58451
G1 X182.645 Y29.99 E380.66761
G1 X182.411 Y30.57 E380.69257
G1 X181.617 Y30.57 E380.72426
G1 X181.389 Y29.99 E380.74913
G1 X180.284 Y29.99 E380.79324
G0 F6000 X179.967 Y29.535
G1 F360 E379.79324
G0 F6000 X174.585 Y29.869
G1 F360 E380.79324
G0 F6000 X174.77 Y29.99
G1 F360 X176.126 Y33.128 E380.92967
G1 X176.887 Y33.128 E380.96005
G1 X178.252 Y29.99 E381.09663
G1 X177.132 Y29.99 E381.14133
G1 X176.897 Y30.57 E381.16631
G1 X176.103 Y30.57 E381.198
G1 X175.875 Y29.99 E381.22287
G1 X174.77 Y29.99 E381.26697
G0 F6000 X174.587 Y30.068
G0 X173.161 Y37.504
G0 X173.433 Y38.154
;TYPE:WALL-INNER
G1 F360 X173.433 Y38.101 E381.26909
G1 X173.433 Y37.909 E381.27675
G1 X173.433 Y37.848 E381.27919
G1 X173.501 Y37.864 E381.27926
G1 X173.691 Y37.909 E381.28405
G1 X173.691 Y38.101 E381.28901
G1 X173.494 Y38.141 E381.29385
G1 X173.433 Y38.154
G0 F6000 X173.176 Y38.488
G0 X173.433 Y39.567
G1 F360 X173.573 Y39.703 E381.30164
G1 X173.764 Y39.807 E381.31032
G1 X173.878 Y39.87 E381.31552
G1 X174.274 Y39.968 E381.3318
G1 X174.648 Y39.991 E381.34675
G1 X175.028 Y39.938 E381.36207
G1 X175.37 Y39.806 E381.3767
G1 X175.424 Y39.785 E381.37901
G1 X175.424 Y39.943 E381.38145
G1 X176.943 Y39.943 E381.44208
G1 X177.312 Y39.923 E381.45683
G1 X177.702 Y39.852 E381.47265
G1 X178.075 Y39.723 E381.4884
G1 X178.432 Y39.511 E381.50497
G1 X178.736 Y39.222 E381.52171
G1 X178.962 Y38.863 E381.53864
G1 X179.105 Y38.433 E381.55673
G1 X179.11 Y38.416 E381.55744
G1 X179.151 Y37.964 E381.57555
G1 X179.108 Y37.538 E381.59264
G1 X179.105 Y37.527 E381.5931
G1 X178.965 Y37.119 E381.61031
G1 X178.748 Y36.773 E381.62661
G1 X178.466 Y36.487 E381.64264
G1 X178.132 Y36.27 E381.65854
G1 X177.779 Y36.122 E381.67382
G1 X177.395 Y36.032 E381.68956
G1 X177.028 Y36.006 E381.70424
G1 X175.424 Y36.006 E381.76826
G1 X175.424 Y36.121 E381.77285
G1 X175.424 Y36.164 E381.77457
G1 X175.362 Y36.121 E381.77562
G1 X174.847 Y35.975 E381.79698
G1 X174.55 Y35.958 E381.80886
G1 X174.081 Y36.012 E381.8277
G1 X173.759 Y36.151 E381.8417
G1 X173.593 Y36.222 E381.8489
G1 X173.433 Y36.372 E381.85766
G1 X173.433 Y36.222 E381.85822
G1 X173.433 Y36.041 E381.86364
G1 X173.433 Y23.6 E382.36019
G1 X196.4 Y23.6 E383.27685
G1 X196.4 Y36.006 E383.772
G1 X187.66 Y36.006 E384.12084
G1 X187.587 Y36.125 E384.12641
G1 X187.392 Y36.44 E384.14119
G1 X187.392 Y36.006 E384.1475
G1 X181.939 Y36.006 E384.36514
G1 X181.939 Y37.011 E384.40525
G1 X181.939 Y37.148 E384.41072
G1 X181.939 Y37.226 E384.41383
G1 X181.771 Y37.148 E384.41761
G1 X181.636 Y37.125 E384.42186
G1 X181.407 Y37.084 E384.43115
G1 X181.306 Y37.082 E384.43518
G1 X181.306 Y36.006 E384.47813
G1 X179.503 Y36.006 E384.55009
G1 X179.503 Y37.526 E384.61075
G1 X179.503 Y37.538 E384.61123
G1 X179.503 Y37.964 E384.62714
G1 X179.503 Y38.416 E384.64399
G1 X179.503 Y38.434 E384.6447
G1 X179.503 Y39.943 E384.70493
G1 X181.196 Y39.943 E384.7725
G1 X181.574 Y39.906 E384.78766
G1 X181.905 Y39.817 E384.80134
G1 X181.929 Y39.81 E384.80234
G1 X181.934 Y39.876
G1 X181.94 Y39.943 E384.80387
G1 X183.678 Y39.942 E384.87324
G1 X184.129 Y39.889 E384.89136
G1 X184.383 Y39.797 E384.90215
G1 X184.437 Y39.777 E384.90444
G1 X184.437 Y39.889 E384.9054
G1 X184.437 Y39.943
G1 X187.344 Y39.943 E385.02142
G1 X187.409 Y39.838 E385.02635
G1 X187.581 Y39.559 E385.03943
G1 X187.581 Y39.943 E385.04454
G1 X195.135 Y39.942 E385.34604
G1 X195.586 Y39.889 E385.36417
G1 X195.989 Y39.743 E385.38127
G1 X196.073 Y39.679 E385.38549
G1 X196.367 Y39.453 E385.40029
G1 X196.4 Y39.394 E385.40299
G1 X196.4 Y39.453 E385.40301
G1 X196.4 Y39.824 E385.41173
G1 X196.4 Y46.567 E385.68086
G1 X173.433 Y46.567 E386.59752
G1 X173.433 Y39.921 E386.86277
G1 X173.433 Y39.703 E386.86893
G1 X173.433 Y39.567 E386.86934
G0 F6000 X173.833 Y40.271
G1 F360 X174.213 Y40.365 E386.88496
G1 X174.223 Y40.365 E386.88536
G1 X174.664 Y40.393 E386.903
G1 X174.995 Y40.348 E386.91633
G1 X175.024 Y40.343 E386.91751
G1 X176.954 Y40.343 E386.99454
G1 X177.359 Y40.321 E387.01072
G1 X177.804 Y40.24 E387.02878
G1 X178.244 Y40.088 E387.04736
G1 X178.675 Y39.832 E387.06736
G1 X178.758 Y39.753 E387.07194
G1 X179.048 Y39.477 E387.08792
G1 X179.103 Y39.39 E387.09202
G1 X179.103 Y39.477 E387.09212
G1 X179.103 Y39.878 E387.10179
G1 X179.103 Y40.343 E387.12035
G1 X181.216 Y40.343 E387.20468
G1 X181.569 Y40.309 E387.21884
G1 X181.572 Y40.343 E387.2202
G1 X183.702 Y40.342 E387.30521
G1 X184.037 Y40.303 E387.31867
G1 X184.037 Y40.343
G1 X195.158 Y40.342 E387.76254
G1 X195.637 Y40.286 E387.78178
G1 X195.679 Y40.281 E387.78347
G1 X196 Y40.164 E387.79711
G1 X196 Y40.281
G1 X196 Y40.324 E387.7987
G1 X196 Y46.167 E388.03191
G1 X173.833 Y46.167 E388.91664
G1 X173.833 Y40.375 E389.14781
G1 X173.833 Y40.365
G1 X173.833 Y40.271
G0 F6000 X174.233 Y40.767
G1 F360 X174.445 Y40.78 E389.15629
G1 X174.679 Y40.795 E389.16565
G1 X175.05 Y40.743 E389.1806
G1 X176.965 Y40.743 E389.25703
G1 X177.406 Y40.719 E389.27466
G1 X177.906 Y40.628 E389.29494
G1 X178.342 Y40.477 E389.31336
G1 X178.413 Y40.453 E389.31635
G1 X178.5 Y40.402 E389.32038
G1 X178.501 Y40.401 E389.32043
G1 X178.703 Y40.281 E389.32981
G1 X178.703 Y40.399 E389.33452
G1 X178.703 Y40.453 E389.33667
G1 X178.703 Y40.529 E389.33938
G1 X178.703 Y40.741 E389.34784
G1 X178.703 Y40.743 E389.34792
G1 X178.757 Y40.743 E389.34986
G1 X195.181 Y40.742 E390.00538
G1 X195.378 Y40.719 E390.0133
G1 X195.6 Y40.693 E390.02222
G1 X195.6 Y40.916 E390.0278
G1 X195.6 Y40.917 E390.02784
G1 X195.6 Y45.767 E390.22141
G1 X174.233 Y45.767 E391.07421
G1 X174.233 Y40.979 E391.26531
G1 X174.233 Y40.767 E391.27069
G1 F360 E390.27069
G0 F6000 X173.329 Y38.978
G0 X173.176 Y38.488
G1 F360 E391.27069
G0 F6000 X173.341 Y38.582
;TYPE:WALL-OUTER
G1 F360 X173.455 Y38.919 E391.28489
G1 X173.578 Y39.15 E391.29534
G1 X173.813 Y39.378 E391.3084
G1 X174.025 Y39.494 E391.31805
G1 X174.335 Y39.571 E391.3308
G1 X174.632 Y39.589 E391.34267
G1 X174.927 Y39.548 E391.35456
G1 X175.256 Y39.421 E391.36864
G1 X175.49 Y39.228 E391.38074
G1 X175.647 Y38.954 E391.39335
G1 X175.702 Y38.626 E391.40662
G1 X175.666 Y38.365 E391.41714
G1 X175.543 Y38.115 E391.42826
G1 X175.464 Y38.034 E391.43277
G1 X175.63 Y37.832 E391.44321
G1 X175.738 Y37.526 E391.45616
G1 X175.742 Y37.267 E391.4665
G1 X175.647 Y36.93 E391.48047
G1 X175.458 Y36.674 E391.49317
G1 X175.189 Y36.488 E391.50623
G1 X174.78 Y36.372 E391.52319
G1 X174.561 Y36.359 E391.53195
G1 X174.185 Y36.403 E391.54706
G1 X173.815 Y36.562 E391.56313
G1 X173.594 Y36.769 E391.57522
G1 X173.443 Y37.039 E391.58757
G1 X173.323 Y37.412 E391.6032
G1 X174.091 Y37.592 E391.63469
G1 X174.091 Y38.427 E391.66801
G1 X173.341 Y38.582 E391.69858
G0 F6000 X173.301 Y38.387
G0 X174.157 Y38.281
G0 X174.405 Y38.465
G1 F360 X174.7 Y38.507 E391.71047
G1 X174.709 Y38.603 E391.71432
G1 X174.583 Y38.656 E391.71978
G1 X174.469 Y38.613 E391.72464
G1 X174.405 Y38.465 E391.73108
G0 F6000 X174.356 Y37.562
G1 F360 X174.446 Y37.332 E391.74093
G1 X174.597 Y37.294 E391.74715
G1 X174.733 Y37.334 E391.75281
G1 X174.761 Y37.494 E391.75929
G1 X174.67 Y37.547 E391.76349
G1 X174.419 Y37.562 E391.77353
G1 X174.356 Y37.562 E391.77604
G1 F360 E390.77604
G0 F6000 X174.596 Y37.447
G0 X174.953 Y36.297
G0 X175.624 Y36.406
G1 F360 E391.77604
G0 F6000 X175.824 Y36.406
G1 F360 X175.824 Y39.543 E391.90125
G1 X176.932 Y39.543 E391.94547
G1 X177.265 Y39.525 E391.95878
G1 X177.6 Y39.464 E391.97237
G1 X177.906 Y39.358 E391.9853
G1 X178.189 Y39.19 E391.99843
G1 X178.424 Y38.966 E392.01139
G1 X178.598 Y38.691 E392.02438
G1 X178.716 Y38.334 E392.03938
G1 X178.749 Y37.966 E392.05413
G1 X178.715 Y37.623 E392.06789
G1 X178.602 Y37.292 E392.08185
G1 X178.433 Y37.023 E392.09453
G1 X178.212 Y36.799 E392.10709
G1 X177.944 Y36.625 E392.11984
G1 X177.655 Y36.504 E392.13234
G1 X177.335 Y36.429 E392.14546
G1 X177.014 Y36.406 E392.15831
G1 X175.824 Y36.406 E392.2058
G1 F360 E391.2058
G0 F6000 X175.624 Y36.406
G0 X179.903 Y36.206
G1 F360 E392.2058
G0 F6000 X179.903 Y36.406
G1 F360 X179.903 Y39.543 E392.33101
G1 X181.176 Y39.543 E392.38181
G1 X181.502 Y39.511 E392.39489
G1 X181.769 Y39.439 E392.40593
G1 X182.05 Y39.267 E392.41908
G1 X182.255 Y39.003 E392.43242
G1 X182.338 Y38.759 E392.4427
G1 X182.339 Y39.543 E392.47399
G1 X183.654 Y39.542 E392.52648
G1 X184.036 Y39.497 E392.54183
G1 X184.338 Y39.388 E392.55464
G1 X184.601 Y39.186 E392.56788
G1 X184.773 Y38.88 E392.58189
G1 X184.825 Y38.634 E392.59193
G1 X184.82 Y38.353 E392.60314
G1 X184.727 Y38.046 E392.61595
G1 X184.523 Y37.776 E392.62945
G1 X184.339 Y37.651 E392.63833
G1 X184.837 Y36.825 E392.67683
G1 X184.837 Y39.543 E392.78531
G1 X185.84 Y39.543 E392.82534
G1 X185.84 Y36.406 E392.95054
G1 X183.891 Y36.406 E393.02833
G1 X183.342 Y37.456 E393.07562
G1 X183.342 Y36.406 E393.11753
G1 X182.339 Y36.406 E393.15756
G1 X182.339 Y38.261 E393.2316
G1 X182.21 Y37.929 E393.24582
G1 X181.988 Y37.689 E393.25886
G1 X181.65 Y37.533 E393.27372
G1 X181.368 Y37.483 E393.28515
G1 X180.906 Y37.473 E393.3036
G1 X180.906 Y36.406 E393.34618
G1 X179.903 Y36.406 E393.38621
G1 F360 E392.38621
G0 F6000 X179.903 Y36.206
G0 X185.668 Y36.278
G0 X185.989 Y36.406
G1 F360 E393.38621
G1 X185.989 Y39.543 E393.51142
G1 X187.121 Y39.543 E393.5566
G1 X187.981 Y38.147 E393.62204
G1 X187.981 Y39.543 E393.67776
G1 X193.643 Y39.543 E393.90374
G1 X193.643 Y38.587 E393.9419
G1 X192.386 Y38.587 E393.99207
G1 X192.386 Y38.476 E393.9965
G1 X193.573 Y38.476 E394.04387
G1 X193.573 Y37.519 E394.08207
G1 X192.386 Y37.519 E394.12944
G1 X192.386 Y37.363 E394.13567
G1 X193.713 Y37.363 E394.18863
G1 X193.713 Y36.406 E394.22683
G1 X191.383 Y36.406 E394.31983
G1 X191.383 Y38.61 E394.40779
G1 X190.673 Y38.61 E394.43613
G1 X190.673 Y36.406 E394.5241
G1 X189.67 Y36.406 E394.56413
G1 X189.67 Y38.61 E394.65209
G1 X188.984 Y38.61 E394.67947
G1 X188.984 Y36.406 E394.76744
G1 X187.883 Y36.406 E394.81138
G1 X186.992 Y37.85 E394.87911
G1 X186.992 Y36.406 E394.93674
G1 X185.989 Y36.406 E394.97677
G0 F6000 X185.678 Y35.966
G0 X196.387 Y36.272
G0 X196.559 Y36.576
G0 X196.318 Y37.56
;TYPE:WALL-INNER
G1 F360 X196.4 Y37.424 E394.98311
G1 X196.4 Y37.56 E394.98345
G1 X196.4 Y37.669 E394.98725
G1 X196.318 Y37.56 E394.98853
G1 F360 E393.98853
G0 F6000 X196.579 Y36.61
G0 X196.387 Y36.272
G0 X193.968 Y36.278
G0 X193.796 Y36.406
;TYPE:WALL-OUTER
G1 F360 E394.98853
G1 X193.796 Y39.543 E395.11373
G1 X195.111 Y39.542 E395.16622
G1 X195.493 Y39.497 E395.18157
G1 X195.795 Y39.388 E395.19438
G1 X196.058 Y39.186 E395.20762
G1 X196.23 Y38.88 E395.22163
G1 X196.282 Y38.634 E395.23166
G1 X196.277 Y38.353 E395.24288
G1 X196.184 Y38.046 E395.25568
G1 X195.98 Y37.776 E395.26919
G1 X195.796 Y37.651 E395.27807
G1 X196.424 Y36.609 E395.32663
G1 X196.309 Y36.406 E395.33594
G1 X195.348 Y36.406 E395.37429
G1 X194.799 Y37.456 E395.42158
G1 X194.799 Y36.406 E395.46349
G1 X193.796 Y36.406 E395.50352
G0 F6000 X193.485 Y35.966
G1 F360 E394.50352
G0 F6000 X193.668 Y37.13
G0 X193.668 Y38.82
G0 X193.968 Y39.671
G0 X195.416 Y40.9
G0 X196.63 Y46.797
G1 F360 E395.50352
G0 F6000 X196.8 Y46.967
G1 F360 X173.033 Y46.967 E396.45212
G1 X173.033 Y23.2 E397.40071
G1 X196.8 Y23.2 E398.3493
G1 X196.8 Y46.967 E399.29789
G0 F6000 X196.63 Y46.797
G0 X196.579 Y36.61
G0 X196 Y35.606
;TYPE:WALL-INNER
G1 F360 X179.103 Y35.606 E399.97229
G1 X179.103 Y36.161 E399.99444
G1 X179.103 Y36.175 E399.995
G1 X179.103 Y36.523 E400.00889
G1 X179.103 Y36.585 E400.01136
G1 X179.064 Y36.523
G1 X178.72 Y36.175 E400.02359
G1 X178.709 Y36.168 E400.0241
G1 X178.32 Y35.915 E400.04262
G1 X177.903 Y35.74 E400.06067
G1 X177.455 Y35.635 E400.07904
G1 X177.042 Y35.606 E400.09556
G1 X175.024 Y35.606 E400.17611
G1 X174.914 Y35.578 E400.18064
G1 X174.538 Y35.557 E400.19567
G1 X174.118 Y35.605 E400.21254
G1 X173.977 Y35.621 E400.2182
G1 X173.833 Y35.683 E400.22446
G1 X173.833 Y35.621
G1 X173.833 Y35.479 E400.22878
G1 X173.833 Y30.804 E400.41537
G1 X173.833 Y30.803 E400.41541
G1 X173.833 Y29.84 E400.45385
G1 X174.215 Y30.724 E400.47346
G1 X175.6 Y33.928 E400.61278
G1 X177.411 Y33.928 E400.68506
G1 X177.652 Y33.374 E400.70917
G1 X177.662 Y33.35 E400.71021
G1 X177.714 Y33.232 E400.71536
G1 X177.985 Y33.49 E400.72544
G1 X178.008 Y33.504 E400.72646
G1 X178.394 Y33.743 E400.74458
G1 X178.432 Y33.756 E400.74619
G1 X178.812 Y33.896 E400.76235
G1 X178.848 Y33.91 E400.76389
G1 X179.322 Y33.99 E400.78308
G1 X179.802 Y33.987 E400.80223
G1 X180.19 Y33.913 E400.818
G1 X180.628 Y33.743 E400.83675
G1 X180.942 Y33.529 E400.85192
G1 X180.97 Y33.595
G1 X181.114 Y33.928 E400.8664
G1 X184.666 Y33.928 E401.00817
G1 X185.071 Y33.905 E401.02436
G1 X185.514 Y33.824 E401.04233
G1 X185.643 Y33.78 E401.04777
G1 X185.694 Y33.763 E401.04992
G1 X185.694 Y33.824 E401.05001
G1 X185.694 Y33.928 E401.05159
G1 X193.735 Y33.928 E401.37252
G1 X193.746 Y33.909 E401.3734
G1 X193.757 Y33.889 E401.37431
G1 X193.768 Y33.907 E401.37441
G1 X193.781 Y33.928 E401.37462
G1 X195.656 Y33.928 E401.44945
G1 X196 Y33.296 E401.47817
G1 X196 Y33.928 E401.48853
G1 X196 Y35.606 E401.55551
G0 F6000 X195.6 Y35.206
G1 F360 X178.703 Y35.206 E402.2299
G1 X178.703 Y35.407 E402.23793
G1 X178.703 Y35.56 E402.24403
G1 X178.703 Y35.687 E402.2491
G1 X178.508 Y35.56 E402.25355
G1 X178.367 Y35.501 E402.25835
G1 X178.027 Y35.358 E402.27307
G1 X177.515 Y35.238 E402.29406
G1 X177.056 Y35.206 E402.31242
G1 X175.075 Y35.206 E402.39149
G1 X174.975 Y35.181 E402.3956
G1 X174.526 Y35.156 E402.41355
G1 X174.233 Y35.189 E402.42532
G1 X174.233 Y35.156
G1 X174.233 Y32.738 E402.52182
G1 X174.233 Y32.737 E402.52186
G1 X174.233 Y31.774 E402.5603
G1 X174.615 Y32.658 E402.57992
G1 X175.337 Y34.328 E402.65253
G1 X177.673 Y34.328 E402.74577
G1 X177.774 Y34.096 E402.75587
G1 X177.866 Y33.886 E402.76502
G1 X178.061 Y34.007 E402.77072
G1 X178.218 Y34.104 E402.77808
G1 X178.255 Y34.117 E402.77965
G1 X178.709 Y34.284 E402.79895
G1 X178.745 Y34.298 E402.8005
G1 X179.29 Y34.39 E402.82256
G1 X179.841 Y34.387 E402.84455
G1 X180.301 Y34.299 E402.86324
G1 X180.761 Y34.12 E402.88294
G1 X180.851 Y34.328 E402.89199
G1 X184.677 Y34.328 E403.04469
G1 X185.118 Y34.303 E403.06232
G1 X185.283 Y34.273 E403.06901
G1 X185.294 Y34.271 E403.06946
G1 X185.294 Y34.303
G1 X185.294 Y34.328
G1 X195.6 Y34.328 E403.48079
G1 X195.6 Y35.206 E403.51584
G0 F6000 X196 Y32.535
G1 F360 X195.634 Y31.976 E403.54251
G1 X195.032 Y31.058 E403.58632
G1 X195.032 Y29.19 E403.66088
G1 X185.694 Y29.19 E404.03358
G1 X185.694 Y29.324 E404.03892
G1 X185.694 Y29.358 E404.04028
G1 X185.635 Y29.334
G1 X185.612 Y29.324
G1 X185.169 Y29.22 E404.05844
G1 X184.757 Y29.19 E404.07493
G1 X182.105 Y29.19 E404.18078
G1 X182.082 Y29.248 E404.18327
G1 X182.019 Y29.404 E404.18998
G1 X181.958 Y29.248 E404.19139
G1 X181.935 Y29.19
G1 X180.079 Y29.19 E404.26547
G1 X179.801 Y29.131 E404.27681
G1 X179.321 Y29.128 E404.29597
G1 X178.957 Y29.19 E404.31071
G1 X176.592 Y29.19 E404.4051
G1 X176.568 Y29.249 E404.40764
G1 X176.505 Y29.405 E404.41436
G1 X176.444 Y29.248 E404.41579
G1 X176.421 Y29.19
G1 X173.833 Y29.19 E404.51908
G1 X173.833 Y24 E404.72623
G1 X196 Y24 E405.61096
G1 X196 Y31.867 E405.92495
G1 X196 Y32.535 E405.93884
G0 F6000 X195.6 Y31.195
G1 F360 X195.432 Y30.938 E405.95109
G1 X195.432 Y28.79 E406.03683
G1 X185.294 Y28.79 E406.44145
G1 X185.294 Y28.823 E406.44277
G1 X185.294 Y28.838 E406.44337
G1 X185.284 Y28.836
G1 X185.23 Y28.823 E406.44433
G1 X184.772 Y28.79 E406.46266
G1 X180.12 Y28.79 E406.64833
G1 X179.844 Y28.731 E406.6596
G1 X179.288 Y28.728 E406.68179
G1 X178.925 Y28.79 E406.69648
G1 X174.233 Y28.79 E406.88375
G1 X174.233 Y24.4 E407.05897
G1 X195.6 Y24.4 E407.91177
G1 X195.6 Y28.79 E408.08698
G1 X195.6 Y30.938 E408.12308
G1 X195.6 Y31.195 E408.12483
G0 F6000 X195.49 Y28.4
G0 X195.21 Y28.4
;TYPE:SKIN
G1 F360 X184.904 Y28.4 E408.53617
G1 X180.164 Y28.4 E408.72535
G1 X179.886 Y28.341 E408.73669
G1 X179.256 Y28.338 E408.76184
G1 X178.894 Y28.4 E408.7765
G1 X174.623 Y28.4 E408.94696
G1 X174.623 Y24.79 E409.09104
G1 X195.21 Y24.79 E409.91272
G1 X195.21 Y28.4 E410.0568
G0 F6000 X195.49 Y28.4
G0 X195.49 Y25.343
G0 X195.049 Y25.343
G1 F360 X194.655 Y24.95 E410.07901
G0 F6000 X194.09 Y24.95
G1 F360 X195.049 Y25.909 E410.13314
G0 F6000 X195.049 Y26.474
G1 F360 X193.524 Y24.95 E410.21919
G0 F6000 X192.958 Y24.95
G1 F360 X195.049 Y27.04 E410.33719
G0 F6000 X195.049 Y27.606
G1 F360 X192.393 Y24.95 E410.4871
G0 F6000 X191.827 Y24.95
G1 F360 X195.049 Y28.171 E410.66894
G0 F6000 X194.551 Y28.239
G1 F360 X191.261 Y24.95 E410.85461
G0 F6000 X190.696 Y24.95
G1 F360 X193.985 Y28.239 E411.04026
G0 F6000 X193.419 Y28.239
G1 F360 X190.13 Y24.95 E411.2259
G0 F6000 X189.564 Y24.95
G1 F360 X192.854 Y28.239 E411.41158
G0 F6000 X192.288 Y28.239
G1 F360 X188.999 Y24.95 E411.59722
G0 F6000 X188.433 Y24.95
G1 F360 X191.722 Y28.239 E411.78287
G0 F6000 X191.157 Y28.239
G1 F360 X187.867 Y24.95 E411.96854
G0 F6000 X187.301 Y24.95
G1 F360 X190.591 Y28.239 E412.15421
G0 F6000 X190.025 Y28.239
G1 F360 X186.736 Y24.95 E412.33986
G0 F6000 X186.17 Y24.95
G1 F360 X189.46 Y28.239 E412.52553
G0 F6000 X188.894 Y28.239
G1 F360 X185.604 Y24.95 E412.71121
G0 F6000 X185.039 Y24.95
G1 F360 X188.328 Y28.239 E412.89685
G0 F6000 X187.763 Y28.239
G1 F360 X184.473 Y24.95 E413.08252
G0 F6000 X183.907 Y24.95
G1 F360 X187.197 Y28.239 E413.2682
G0 F6000 X186.631 Y28.239
G1 F360 X183.342 Y24.95 E413.45384
G0 F6000 X182.776 Y24.95
G1 F360 X186.065 Y28.239 E413.63949
G0 F6000 X185.5 Y28.239
G1 F360 X182.21 Y24.95 E413.82516
G0 F6000 X181.645 Y24.95
G1 F360 X184.934 Y28.239 E414.01081
G0 F6000 X184.368 Y28.239
G1 F360 X181.079 Y24.95 E414.19645
G0 F6000 X180.513 Y24.95
G1 F360 X183.803 Y28.239 E414.38213
G0 F6000 X183.237 Y28.239
G1 F360 X179.948 Y24.95 E414.56777
G0 F6000 X179.382 Y24.95
G1 F360 X182.671 Y28.239 E414.75342
G0 F6000 X182.106 Y28.239
G1 F360 X178.816 Y24.95 E414.93909
G0 F6000 X178.251 Y24.95
G1 F360 X181.54 Y28.239 E415.12474
G0 F6000 X180.974 Y28.239
G1 F360 X177.685 Y24.95 E415.31038
G0 F6000 X177.119 Y24.95
G1 F360 X180.409 Y28.239 E415.49606
G0 F6000 X179.784 Y28.18
G1 F360 X176.553 Y24.95 E415.6784
G0 F6000 X175.988 Y24.95
G1 F360 X179.219 Y28.181 E415.86077
G0 F6000 X178.712 Y28.239
G1 F360 X175.422 Y24.95 E416.04644
G0 F6000 X174.856 Y24.95
G1 F360 X178.146 Y28.239 E416.23212
G0 F6000 X177.58 Y28.239
G1 F360 X174.781 Y25.44 E416.39011
G0 F6000 X174.781 Y26.006
G1 F360 X177.014 Y28.239 E416.51615
G0 F6000 X176.449 Y28.239
G1 F360 X174.781 Y26.572 E416.61027
G0 F6000 X174.781 Y27.138
G1 F360 X175.883 Y28.239 E416.67244
G0 F6000 X175.317 Y28.239
G1 F360 X174.781 Y27.703 E416.70269
G0 F6000 X174.343 Y27.703
G0 X174.879 Y33.548
G0 X174.623 Y33.658
G1 F360 X175.081 Y34.718 E416.74878
G1 X177.928 Y34.718 E416.86241
G1 X178.043 Y34.455 E416.87387
G1 X178.644 Y34.676 E416.89943
G1 X179.259 Y34.78 E416.92432
G1 X179.878 Y34.777 E416.94903
G1 X180.41 Y34.675 E416.97065
G1 X180.552 Y34.619 E416.97674
G1 X180.595 Y34.718 E416.98105
G1 X184.688 Y34.718 E417.14441
G1 X195.21 Y34.718 E417.56436
G1 X195.21 Y34.816 E417.56827
G1 X178.313 Y34.816 E418.24267
G1 X178.313 Y35.055 E418.25221
G1 X178.148 Y34.986 E418.25935
G1 X177.573 Y34.852 E418.28291
G1 X177.07 Y34.816 E418.30304
G1 X175.124 Y34.816 E418.38071
G1 X175.034 Y34.793 E418.38441
G1 X174.623 Y34.77 E418.40084
G1 X174.623 Y33.658 E418.44523
G0 F6000 X174.617 Y33.479
;TYPE:SKIN
G1 F360 X174.392 Y33.253 E418.45159
G0 F6000 X174.392 Y32.97
G1 F360 X174.715 Y33.294 E418.46072
G0 F6000 X174.499 Y32.795
G1 F360 X174.409 Y32.705 E418.46326
G0 F6000 X174.423 Y32.692
G0 X173.161 Y37.504
G0 X173.176 Y38.488
G0 X173.437 Y39.159
G0 X175.076 Y40.853
G0 X175.076 Y41.133
;TYPE:SKIN
G1 F360 X176.975 Y41.133 E418.53905
G1 X177.451 Y41.107 E418.55808
G1 X178.005 Y41.006 E418.58056
G1 X178.313 Y40.9 E418.59356
G1 X178.313 Y41.133 E418.60286
G1 X195.21 Y41.131 E419.27725
G1 X195.21 Y45.377 E419.44672
G1 X174.623 Y45.377 E420.26839
G1 X174.623 Y41.183 E420.43578
G1 X174.694 Y41.187 E420.43862
G1 X175.076 Y41.133 E420.45402
G0 F6000 X175.076 Y40.853
G0 X174.416 Y40.962
G0 X174.415 Y45.585
G0 X175.325 Y45.657
G0 X175.325 Y45.217
G1 F360 X174.781 Y44.674 E420.4847
G0 F6000 X174.781 Y44.108
G1 F360 X175.89 Y45.217 E420.54729
G0 F6000 X176.456 Y45.217
G1 F360 X174.781 Y43.542 E420.64184
G0 F6000 X174.781 Y42.977
G1 F360 X177.022 Y45.217 E420.7683
G0 F6000 X177.587 Y45.217
G1 F360 X174.781 Y42.411 E420.92668
G0 F6000 X174.781 Y41.845
G1 F360 X178.153 Y45.217 E421.11701
G0 F6000 X178.719 Y45.217
G1 F360 X174.831 Y41.329 E421.33647
G0 F6000 X175.36 Y41.292
G1 F360 X179.284 Y45.217 E421.55799
G0 F6000 X179.85 Y45.217
G1 F360 X175.926 Y41.292 E421.7795
G0 F6000 X176.491 Y41.292
G1 F360 X180.416 Y45.217 E422.00104
G0 F6000 X180.981 Y45.217
G1 F360 X177.053 Y41.289 E422.22276
G0 F6000 X177.577 Y41.246
G1 F360 X181.547 Y45.217 E422.44687
G0 F6000 X182.113 Y45.217
G1 F360 X178.188 Y41.292 E422.66841
G0 F6000 X178.152 Y41.256
G1 F360 X178.054 Y41.158 E422.67395
G0 F6000 X178.754 Y41.292
G1 F360 X182.678 Y45.217 E422.89546
G0 F6000 X183.244 Y45.217
G1 F360 X179.32 Y41.292 E423.11698
G0 F6000 X179.885 Y41.292
G1 F360 X183.81 Y45.217 E423.33852
G0 F6000 X184.375 Y45.217
G1 F360 X180.451 Y41.292 E423.56004
G0 F6000 X181.017 Y41.292
G1 F360 X184.941 Y45.217 E423.78155
G0 F6000 X185.507 Y45.217
G1 F360 X181.582 Y41.292 E424.0031
G0 F6000 X182.148 Y41.292
G1 F360 X186.073 Y45.217 E424.22464
G0 F6000 X186.638 Y45.217
G1 F360 X182.714 Y41.292 E424.44616
G0 F6000 X183.279 Y41.292
G1 F360 X187.204 Y45.217 E424.6677
G0 F6000 X187.77 Y45.217
G1 F360 X183.844 Y41.292 E424.88927
G0 F6000 X184.41 Y41.292
G1 F360 X188.335 Y45.217 E425.11082
G0 F6000 X188.901 Y45.217
G1 F360 X184.976 Y41.292 E425.33236
G0 F6000 X185.541 Y41.292
G1 F360 X189.467 Y45.217 E425.55393
G0 F6000 X190.032 Y45.217
G1 F360 X186.107 Y41.292 E425.77548
G0 F6000 X186.673 Y41.292
G1 F360 X190.598 Y45.217 E425.99702
G0 F6000 X191.164 Y45.217
G1 F360 X187.239 Y41.292 E426.21856
G0 F6000 X187.804 Y41.292
G1 F360 X191.729 Y45.217 E426.44011
G0 F6000 X192.295 Y45.217
G1 F360 X188.37 Y41.292 E426.66165
G0 F6000 X188.936 Y41.292
G1 F360 X192.861 Y45.217 E426.8832
G0 F6000 X193.426 Y45.217
G1 F360 X189.501 Y41.291 E427.10477
G0 F6000 X190.066 Y41.291
G1 F360 X193.992 Y45.217 E427.32637
G0 F6000 X194.558 Y45.217
G1 F360 X190.632 Y41.291 E427.54797
G0 F6000 X191.198 Y41.291
G1 F360 X195.049 Y45.143 E427.76536
G0 F6000 X195.049 Y44.577
G1 F360 X191.763 Y41.291 E427.95084
G0 F6000 X192.329 Y41.291
G1 F360 X195.049 Y44.011 E428.10437
G0 F6000 X195.049 Y43.446
G1 F360 X192.895 Y41.291 E428.22598
G0 F6000 X193.46 Y41.291
G1 F360 X195.049 Y42.88 E428.31567
G0 F6000 X195.049 Y42.314
G1 F360 X194.026 Y41.291 E428.37341
G0 F6000 X194.592 Y41.291
G1 F360 X195.049 Y41.748 E428.39921
G0 F6000 X195.49 Y41.748
G0 X196.519 Y39.259
G0 X196.422 Y39.162
;TYPE:SKIN
G1 F360 X196.517 Y38.974 E428.40294
G1 X196.536 Y38.427 E428.41265
G1 X196.554 Y37.879 E428.42237
G1 X196.434 Y37.194 E428.4347
G1 X196.585 Y36.779 E428.44253
G1 X196.581 Y36.209 E428.45264
G0 F6000 X196.538 Y36.166
G0 X195.236 Y36.221
G0 X195.173 Y36.216
G1 F360 X195.049 Y36.374 E428.45649
G1 X194.993 Y36.601 E428.46097
G0 F6000 X195.012 Y36.619
G0 X196.065 Y33.147
G0 X195.986 Y33.068
G1 F360 X196.074 Y32.874 E428.46935
G1 X196.183 Y32.7 E428.47743
G0 F6000 X195.661 Y31.612
G1 F360 X195.748 Y31.416 E428.49094
G0 F6000 X195.824 Y31.493
G0 X194.36 Y29.862
G0 X193.101 Y29.862
G0 X192.801 Y31.588
G0 X192.697 Y31.477
G1 F360 X192.641 Y31.703 E428.50176
G0 F6000 X192.69 Y31.758
G0 X192.528 Y29.862
G0 X189.078 Y29.862
G0 X188.778 Y30.714
G0 X188.778 Y32.404
G0 X189.078 Y33.256
G0 X190.255 Y33.26
G0 X190.789 Y32.71
G0 X190.694 Y32.585
G1 F360 X190.549 Y32.723 E428.50439
G1 X190.67 Y33.692 E428.51724
G0 F6000 X190.745 Y33.767
G0 X195.418 Y34.51
G0 X195.418 Y35.024
G0 X190.881 Y36.166
G0 X191.044 Y36.329
G1 F360 X191.185 Y36.187 E428.52388
G1 X191.027 Y36.878 E428.5474
G1 X191.008 Y38.273 E428.5937
G1 X190.867 Y38.414 E428.60031
G0 F6000 X190.873 Y38.395
G0 X190.801 Y36.278
G0 X189.542 Y36.278
G0 X189.47 Y38.173
G0 X189.326 Y38.005
G1 F360 X189.326 Y37.722 E428.61217
G1 X189.339 Y36.321 E428.67087
G0 F6000 X189.184 Y36.166
G0 X187.808 Y36.272
G0 X187.46 Y36.712
G0 X187.415 Y36.659
G1 F360 X187.269 Y36.796 E428.6767
G1 X187.215 Y37.025 E428.68355
G0 F6000 X187.192 Y36.976
G0 X187.12 Y36.278
G0 X186.161 Y36.278
G0 X186.161 Y39.671
G0 X187.196 Y39.677
G0 X187.725 Y38.942
G0 X187.754 Y38.979
G1 F360 X187.7 Y39.208 E428.69037
G1 X187.548 Y39.338 E428.69616
G0 F6000 X187.51 Y39.292
G0 X187.853 Y39.671
G0 X188.812 Y39.671
G0 X188.812 Y38.843
G0 X189.112 Y38.843
G0 X189.117 Y38.476
G0 X189.173 Y38.418
G1 F360 X189.315 Y38.277 E428.70591
G0 F6000 X189.184 Y38.12
G0 X189.116 Y38.445
G0 X189.112 Y38.843
G0 X188.812 Y38.843
G0 X188.812 Y39.671
G0 X184.709 Y39.671
G0 X184.632 Y39.534
G1 F360 X184.546 Y39.448 E428.70833
G0 F6000 X184.561 Y39.469
G0 X184.067 Y39.633
G0 X183.66 Y39.681
G0 X182.211 Y39.671
G0 X182.098 Y39.546
G1 F360 X181.888 Y39.618 E428.71054
G1 X181.759 Y40.055 E428.71508
G0 F6000 X181.773 Y40.069
G0 X179.775 Y39.671
G0 X179.282 Y39.275
G0 X179.167 Y39.16
G1 F360 X179.236 Y38.946 E428.72291
G1 X179.272 Y38.699 E428.7316
G0 F6000 X179.217 Y38.644
G0 X179.327 Y37.34
G0 X179.248 Y37.261
G1 F360 X179.183 Y36.913 E428.73654
G1 X179.292 Y36.739 E428.7394
G1 X178.805 Y35.97 E428.7521
G1 X178.907 Y35.788 E428.75501
G0 F6000 X178.927 Y35.809
G0 X181.48 Y35.816
G0 X181.621 Y35.957
G1 F360 X181.737 Y35.79 E428.76067
G1 X181.621 Y36.523 E428.78136
G1 X181.621 Y36.805 E428.78923
G0 F6000 X181.763 Y36.947
G0 X182.211 Y36.278
G0 X183.47 Y36.278
G0 X183.568 Y36.49
G1 F360 X183.622 Y36.261 E428.7976
G0 F6000 X183.527 Y36.166
G0 X174.417 Y34.983
G0 X174.435 Y32.75
G0 X175.972 Y33.262
G0 X182.825 Y33.767
G0 X182.798 Y33.74
G1 F360 X182.908 Y33.567 E428.80197
G0 F6000 X182.857 Y33.516
G0 X183.336 Y32.322
G0 X183.214 Y32.176
G1 F360 X183.257 Y31.936 E428.812
G1 X183.299 Y31.695 E428.82206
G0 F6000 X183.263 Y31.646
G0 X183.408 Y33.256
G0 X188.581 Y33.256
G0 X188.581 Y32.343
G0 X187.325 Y31.888
G0 X188.812 Y31.888
G0 X188.812 Y31.276
G0 X187.325 Y31.276
G0 X188.651 Y30.775
G0 X188.651 Y29.862
G0 X186.924 Y29.861
G0 X182.063 Y29.893
G0 X181.984 Y29.814
G1 F360 X182.08 Y29.628 E428.83011
G0 F6000 X182.144 Y29.692
G0 X174.585 Y29.869
G0 X176.039 Y33.261
G0 X179.739 Y33.326
G0 X180.32 Y33.155
G0 X180.648 Y32.912
G0 X180.918 Y32.595
G0 X180.884 Y32.109
G0 X180.994 Y32.218
G1 F360 X180.899 Y32.407 E428.83447
G1 X180.935 Y33.291 E428.85271
G0 F6000 X180.963 Y33.319
G0 X180.949 Y32.559
G0 X179.983 Y31.768
G0 X179.272 Y31.911
G0 X179.206 Y31.845
G1 F360 X179.194 Y31.267 E428.85663
G1 X179.583 Y31.091 E428.85953
G0 F6000 X179.602 Y31.117
G0 X180.949 Y32.559
G0 X180.575 Y32.982
G0 X180.006 Y33.277
G0 X179.376 Y33.329
G0 X178.686 Y33.147
G0 X178.135 Y32.72
G0 X176.974 Y33.261
G0 X176.039 Y33.261
G0 X174.585 Y29.869
G0 X178.051 Y29.869
G0 X178.694 Y29.902
G0 X178.62 Y29.845
G1 F360 X178.486 Y29.993 E428.86595
G0 F6000 X178.508 Y30.006
G0 X176.59 Y29.794
G1 F360 X176.36 Y29.564 E428.87244
G0 F6000 X173.909 Y29.659
G0 X173.757 Y29.507
G1 F360 X173.64 Y29.673 E428.88292
G0 F6000 X173.675 Y29.708
G0 X174.006 Y30.888
G0 X174.084 Y30.966
G1 F360 X174.192 Y31.356 E428.89616
G1 X174.09 Y31.537 E428.90296
G0 F6000 X174.006 Y31.454
G0 X176.039 Y33.261
G0 X176.974 Y33.261
G0 X177.534 Y32.14
G0 X177.56 Y32.179
G1 F360 X177.683 Y32.019 E428.90501
G1 X177.707 Y32.892 E428.91385
G0 F6000 X177.761 Y32.946
G0 X175.22 Y34.505
G0 X174.435 Y32.75
G0 X174.417 Y34.983
G0 X175.207 Y35.766
G0 X175.227 Y35.786
G1 F360 X175.561 Y36.403 E428.91984
G0 F6000 X175.624 Y36.489
G0 X174.804 Y36.234
G0 X174.214 Y36.263
G0 X173.491 Y36.592
G0 X173.477 Y36.581
G1 F360 X173.298 Y36.685 E428.92413
G1 X173.247 Y36.917 E428.92904
G0 F6000 X173.267 Y36.946
G0 X173.161 Y37.504
G0 X173.233 Y39.139
G0 X173.329 Y39.261
G1 F360 X173.229 Y39.444 E428.93721
G0 F6000 X173.233 Y39.422
G0 X174.006 Y40.505
G1 F360 X174.099 Y40.597 E428.93982
G0 F6000 X175.052 Y40.136
G0 X175.075 Y40.159
G1 F360 X175.544 Y39.497 E428.94385
G0 F6000 X175.511 Y39.469
G0 X178.815 Y39.939
G1 F360 X178.927 Y40.051 E428.94701
G1 F360 E427.94701
G0 F6000 X179.775 Y36.278
G0 X195.418 Y35.024
G0 X195.418 Y34.51
G0 X186.537 Y34.51
G0 X186.129 Y32.831
G1 F360 E428.94701
G0 F6000 X186.216 Y32.915
G1 F360 X186.288 Y32.704 E428.95446
G0 F6000 X186.274 Y32.693
G0 X186.366 Y33.256
G0 X188.581 Y33.256
G0 X188.581 Y32.343
G0 X187.325 Y31.888
G0 X188.812 Y31.888
G0 X188.812 Y31.276
G0 X187.325 Y31.276
G0 X188.651 Y30.775
G0 X188.651 Y29.862
G0 X186.366 Y29.862
G0 X186.294 Y30.465
G0 X186.187 Y30.34
G1 F360 X186.281 Y30.152 E428.96355
G0 F6000 X186.158 Y29.938
;TIME_ELAPSED:1955.035188
G1 F360 E427.96355
M140 S0
G91 ;Relative positioning
G1 E-2 F2700 ;Retract a bit
G1 E-2 Z0.2 F2400 ;Retract and raise Z
G1 X5 Y5 F3000 ;Wipe out
G1 Z10 ;Raise Z more
G90 ;Absolute positioning

G1 X0 Y0 ;Present print
M106 S0 ;Turn-off fan
M104 S0 ;Turn-off hotend
M140 S0 ;Turn-off bed

M84 X Y E ;Disable all steppers but Z

M82 ;absolute extrusion mode
M104 S0
;End of Gcode
;SETTING_3 {"global_quality": "[general]\\nversion = 4\\nname = Standard Quality
;SETTING_3  #2\\ndefinition = creality_ender5\\n\\n[metadata]\\ntype = quality_c
;SETTING_3 hanges\\nquality_type = standard\\nsetting_version = 17\\n\\n[values]
;SETTING_3 \\nmaterial_bed_temperature = 40\\n\\n", "extruder_quality": ["[gener
;SETTING_3 al]\\nversion = 4\\nname = Standard Quality #2\\ndefinition = crealit
;SETTING_3 y_ender5\\n\\n[metadata]\\ntype = quality_changes\\nquality_type = st
;SETTING_3 andard\\nsetting_version = 17\\nposition = 0\\n\\n[values]\\ncool_fan
;SETTING_3 _speed = 50\\ninfill_pattern = cubic\\ninfill_sparse_density = 20\\nm
;SETTING_3 aterial_flow = 120\\nmaterial_print_temperature = 230\\nretraction_am
;SETTING_3 ount = 1\\nretraction_speed = 6\\nskirt_line_count = 5\\nspeed_layer_
;SETTING_3 0 = 6\\nspeed_print = 7\\nspeed_travel = 100\\ntop_bottom_thickness =
;SETTING_3  1\\nwall_thickness = 1.8\\nz_seam_type = sharpest_corner\\n\\n"]}
